date,t_morn,rh_morn,td_morn,wind_morn,vd_morn,dewdep_morn,tmax_day,doy,vd_max,doy_sin,doy_cos,vdmax_prev
2021-02-03,9.70,91.00,8.30,1.30,0.83,1.40,9.80,34,0.84,0.55,0.83,0.51
2021-02-04,5.35,93.00,4.31,0.90,0.49,1.04,9.47,35,1.26,0.57,0.82,0.84
2021-02-05,5.08,92.00,3.88,2.00,0.55,1.19,9.65,36,1.02,0.58,0.81,1.26
2021-02-06,4.83,94.00,3.94,3.23,0.40,0.88,4.55,37,0.56,0.59,0.80,1.02
2021-02-07,-3.30,93.00,-4.27,6.05,0.27,0.97,-3.40,38,0.28,0.61,0.79,0.56
2021-02-08,-5.07,90.00,-6.46,4.50,0.34,1.39,-4.83,39,0.38,0.62,0.78,0.28
2021-02-09,-9.43,91.25,-10.59,0.00,0.21,1.16,-0.60,40,1.00,0.64,0.77,0.38
2021-02-10,-3.92,87.00,-5.77,1.20,0.48,1.85,-0.50,41,1.16,0.65,0.76,1.00
2021-02-11,-7.17,88.00,-8.82,0.00,0.35,1.65,0.25,42,1.70,0.66,0.75,1.16
2021-02-12,-10.20,91.75,-11.29,0.00,0.19,1.09,-2.30,43,1.00,0.67,0.74,1.70
2021-02-13,-8.22,87.25,-9.97,1.53,0.34,1.74,-0.57,44,1.75,0.69,0.73,1.00
2021-02-14,-7.70,85.75,-9.67,0.65,0.40,1.97,4.55,45,3.68,0.70,0.71,1.75
2021-02-15,2.25,68.50,-2.95,1.43,1.78,5.20,4.78,46,1.44,0.71,0.70,3.68
2021-02-16,5.30,93.00,4.26,1.20,0.49,1.04,10.88,47,2.33,0.72,0.69,1.44
2021-02-17,8.28,90.00,6.73,1.80,0.84,1.54,12.22,48,2.22,0.74,0.68,2.33
2021-02-18,7.62,84.75,5.22,2.45,1.23,2.41,11.80,49,3.08,0.75,0.66,2.22
2021-02-19,4.00,92.00,2.82,1.00,0.51,1.18,11.03,50,2.48,0.76,0.65,3.08
2021-02-20,9.40,86.50,7.26,1.32,1.22,2.14,16.60,51,4.78,0.77,0.64,2.48
2021-02-21,9.45,79.75,6.12,0.40,1.84,3.33,18.05,52,6.93,0.78,0.63,4.78
2021-02-22,9.65,66.75,3.76,0.40,3.06,5.89,16.05,53,5.57,0.79,0.61,6.93
2021-02-23,11.55,80.00,8.22,0.40,2.07,3.33,18.88,54,6.32,0.80,0.60,5.57
2021-02-24,10.92,87.50,8.93,0.90,1.25,2.00,19.48,55,7.92,0.81,0.58,6.32
2021-02-25,9.47,88.50,7.67,0.20,1.05,1.81,17.12,56,5.39,0.82,0.57,7.92
2021-02-26,5.83,90.75,4.43,0.00,0.66,1.40,11.03,57,3.65,0.83,0.56,5.39
2021-02-27,4.40,92.00,3.21,0.00,0.52,1.19,10.65,58,2.52,0.84,0.54,3.65
2021-02-28,0.18,93.00,-0.82,0.00,0.34,1.00,11.82,59,3.77,0.85,0.53,2.52
2021-03-01,3.62,92.25,2.48,2.90,0.48,1.14,9.72,60,1.85,0.86,0.51,3.77
2021-03-02,3.05,92.50,1.95,0.78,0.45,1.10,15.75,61,5.97,0.87,0.50,1.85
2021-03-03,2.23,93.00,1.21,0.00,0.40,1.02,13.70,62,3.58,0.88,0.48,5.97
2021-03-04,3.88,92.00,2.69,0.65,0.50,1.18,5.88,63,1.02,0.88,0.47,3.58
2021-03-05,0.33,88.00,-1.43,0.90,0.60,1.76,7.38,64,4.30,0.89,0.45,1.02
2021-03-06,-2.23,92.50,-3.28,0.00,0.31,1.05,7.85,65,3.42,0.90,0.44,4.30
2021-03-07,-1.68,93.00,-2.66,0.00,0.30,0.98,6.83,66,3.01,0.91,0.42,3.42
2021-03-08,3.73,87.25,1.80,0.20,0.80,1.92,9.32,67,3.18,0.91,0.41,3.01
2021-03-09,5.35,92.00,4.15,1.20,0.56,1.20,7.38,68,1.23,0.92,0.39,3.18
2021-03-10,4.70,92.00,3.51,1.00,0.53,1.19,10.28,69,3.14,0.93,0.37,1.23
2021-03-11,10.95,84.00,8.35,4.70,1.61,2.60,12.53,70,3.63,0.93,0.36,3.14
2021-03-12,5.72,85.75,3.52,2.58,1.02,2.20,8.85,71,1.79,0.94,0.34,3.63
2021-03-13,7.60,80.50,4.46,4.80,1.57,3.14,8.95,72,2.27,0.95,0.33,1.79
2021-03-14,5.30,91.25,3.99,1.78,0.61,1.31,8.62,73,2.02,0.95,0.31,2.27
2021-03-15,6.05,92.25,4.89,2.00,0.56,1.16,8.85,74,2.18,0.96,0.29,2.02
2021-03-16,6.47,88.75,4.75,1.55,0.84,1.72,8.75,75,1.85,0.96,0.28,2.18
2021-03-17,5.33,93.00,4.28,1.78,0.49,1.04,7.40,76,1.45,0.97,0.26,1.85
2021-03-18,2.67,93.50,1.73,0.43,0.38,0.94,9.35,77,2.36,0.97,0.24,1.45
2021-03-19,2.20,91.75,1.00,2.00,0.47,1.20,9.45,78,4.13,0.97,0.23,2.36
2021-03-20,1.10,92.25,-0.02,0.00,0.41,1.12,9.10,79,3.77,0.98,0.21,4.13
2021-03-21,6.88,87.00,4.86,2.33,1.00,2.02,8.00,80,2.32,0.98,0.19,3.77
2021-03-22,5.53,93.00,4.48,0.75,0.49,1.04,9.03,81,2.74,0.98,0.18,2.32
2021-03-23,6.67,87.00,4.66,1.68,0.99,2.01,10.07,82,1.86,0.99,0.16,2.74
2021-03-24,3.95,94.00,3.07,0.55,0.38,0.88,15.67,83,5.78,0.99,0.14,1.86
2021-03-25,7.47,91.75,6.22,0.65,0.66,1.26,13.05,84,4.81,0.99,0.12,5.78
2021-03-26,8.38,89.00,6.67,1.80,0.93,1.71,14.40,85,5.32,0.99,0.11,4.81
2021-03-27,5.73,87.50,3.81,2.55,0.89,1.92,9.65,86,3.46,1.00,0.09,5.32
2021-03-28,7.83,81.25,4.81,2.20,1.53,3.02,12.75,87,4.07,1.00,0.07,3.46
2021-03-29,9.50,79.00,6.04,1.68,1.91,3.46,20.40,88,11.19,1.00,0.06,4.07
2021-03-30,4.33,92.75,3.25,0.00,0.47,1.07,23.02,89,14.26,1.00,0.04,11.19
2021-03-31,5.88,91.25,4.56,0.00,0.64,1.32,24.98,90,14.83,1.00,0.02,14.26
2021-04-01,9.07,89.25,7.40,0.55,0.97,1.68,16.60,91,6.00,1.00,0.00,14.83
2021-04-02,3.90,91.75,2.68,1.30,0.52,1.22,8.43,92,2.42,1.00,-0.01,6.00
2021-04-03,3.92,89.00,2.28,0.33,0.69,1.65,12.00,93,4.08,1.00,-0.03,2.42
2021-04-04,5.95,81.75,3.07,0.33,1.32,2.88,8.57,94,2.41,1.00,-0.05,4.08
2021-04-05,5.65,88.25,3.86,4.25,0.83,1.79,5.60,95,2.72,1.00,-0.06,2.41
2021-04-06,1.98,88.75,0.31,2.12,0.62,1.66,4.75,96,1.66,1.00,-0.08,2.72
2021-04-07,1.62,93.00,0.61,3.38,0.38,1.01,6.53,97,1.77,1.00,-0.10,1.66
2021-04-08,2.58,89.75,1.06,1.10,0.59,1.51,9.57,98,4.21,0.99,-0.12,1.77
2021-04-09,5.65,75.75,1.70,1.30,1.72,3.95,13.03,99,4.57,0.99,-0.13,4.21
2021-04-10,5.78,88.25,3.98,1.68,0.84,1.79,8.03,100,1.61,0.99,-0.15,4.57
2021-04-11,4.05,92.50,2.94,2.33,0.48,1.11,7.88,101,2.93,0.99,-0.17,1.61
2021-04-12,1.68,93.00,0.66,0.23,0.38,1.01,8.22,102,2.91,0.98,-0.18,2.93
2021-04-13,2.40,92.25,1.27,0.23,0.44,1.13,9.92,103,4.72,0.98,-0.20,2.91
2021-04-14,2.25,93.00,1.23,0.00,0.40,1.02,9.50,104,1.00,0.98,-0.22,4.72
2021-04-15,3.15,92.00,1.98,0.00,0.48,1.17,10.47,105,4.90,0.97,-0.23,1.00
2021-04-16,2.60,90.00,1.12,0.10,0.58,1.48,13.72,106,7.06,0.97,-0.25,4.90
2021-04-17,5.05,88.75,3.35,1.32,0.77,1.70,13.22,107,5.52,0.96,-0.27,7.06
2021-04-18,2.52,93.00,1.51,0.00,0.40,1.02,16.25,108,6.13,0.96,-0.28,5.52
2021-04-19,6.00,92.50,4.88,0.10,0.54,1.12,14.00,109,3.26,0.95,-0.30,6.13
2021-04-20,6.47,93.00,5.42,0.00,0.53,1.05,19.32,110,1.16,0.95,-0.32,3.26
2021-04-21,7.73,92.25,6.55,0.10,0.63,1.18,15.98,111,5.54,0.94,-0.33,1.16
2021-04-22,4.15,92.00,2.97,0.00,0.51,1.18,12.72,112,4.87,0.94,-0.35,5.54
2021-04-23,4.17,93.00,3.14,0.00,0.45,1.03,14.90,113,6.21,0.93,-0.37,4.87
2021-04-24,5.20,92.50,4.08,0.30,0.52,1.12,13.90,114,6.37,0.92,-0.38,6.21
2021-04-25,5.88,72.75,1.35,1.00,1.96,4.52,13.28,115,5.68,0.92,-0.40,6.37
2021-04-26,3.90,91.00,2.56,0.20,0.57,1.34,15.40,116,7.57,0.91,-0.41,5.68
2021-04-27,5.92,80.25,2.78,0.88,1.45,3.15,16.23,117,8.67,0.90,-0.43,7.57
2021-04-28,7.15,68.25,1.69,0.20,2.49,5.46,19.50,118,10.61,0.90,-0.44,8.67
2021-04-29,8.72,90.00,7.17,0.53,0.87,1.55,9.12,119,1.18,0.89,-0.46,10.61
2021-04-30,8.18,93.00,7.11,0.00,0.59,1.07,13.90,120,3.72,0.88,-0.47,1.18
2021-05-01,6.65,93.00,5.60,0.00,0.53,1.05,13.70,121,5.12,0.87,-0.49,3.72
2021-05-02,6.92,89.50,5.32,0.88,0.82,1.61,11.25,122,3.72,0.86,-0.50,5.12
2021-05-03,5.60,87.00,3.61,0.20,0.92,1.99,14.50,123,6.16,0.85,-0.52,3.72
2021-05-04,9.75,87.00,7.69,2.58,1.20,2.06,11.03,124,2.81,0.85,-0.53,6.16
2021-05-05,6.47,88.75,4.75,1.90,0.84,1.72,11.22,125,3.88,0.84,-0.55,2.81
2021-05-06,5.83,93.00,4.78,0.20,0.50,1.05,12.65,126,3.72,0.83,-0.56,3.88
2021-05-07,4.42,93.00,3.39,0.00,0.46,1.03,13.12,127,5.21,0.82,-0.58,3.72
2021-05-08,6.88,92.25,5.70,0.00,0.60,1.17,14.95,128,4.28,0.81,-0.59,5.21
2021-05-09,15.05,81.00,11.81,0.53,2.46,3.24,25.77,129,10.59,0.80,-0.61,4.28
2021-05-10,18.25,71.50,13.01,1.55,4.44,5.24,20.33,130,7.66,0.79,-0.62,10.59
2021-05-11,13.45,91.50,12.09,0.00,0.99,1.36,17.80,131,4.36,0.77,-0.63,7.66
2021-05-12,12.08,92.00,10.81,0.30,0.86,1.26,19.95,132,8.72,0.76,-0.65,4.36
2021-05-13,12.12,92.75,10.99,0.00,0.78,1.14,21.40,133,10.32,0.75,-0.66,8.72
2021-05-14,10.82,93.00,9.74,0.00,0.69,1.09,18.25,134,6.46,0.74,-0.67,10.32
2021-05-15,10.47,93.00,9.39,0.00,0.68,1.08,15.75,135,4.09,0.73,-0.68,6.46
2021-05-16,10.93,92.00,9.67,0.40,0.80,1.25,16.15,136,4.44,0.72,-0.70,4.09
2021-05-17,11.10,93.00,10.01,0.20,0.71,1.09,15.62,137,3.27,0.71,-0.71,4.44
2021-05-18,11.40,93.00,10.31,0.40,0.72,1.09,18.48,138,6.99,0.69,-0.72,3.27
2021-05-19,10.55,92.75,9.42,0.20,0.71,1.13,15.28,139,3.25,0.68,-0.73,6.99
2021-05-20,9.60,93.00,8.52,0.00,0.64,1.08,16.38,140,4.70,0.67,-0.74,3.25
2021-05-21,12.60,76.50,8.58,1.55,2.61,4.02,15.57,141,3.98,0.66,-0.76,4.70
2021-05-22,10.10,89.25,8.41,1.55,1.02,1.69,12.35,142,1.72,0.64,-0.77,3.98
2021-05-23,10.53,93.00,9.44,0.65,0.68,1.09,16.25,143,6.04,0.63,-0.78,1.72
2021-05-24,12.65,79.25,9.15,0.65,2.31,3.50,15.60,144,3.47,0.62,-0.79,6.04
2021-05-25,9.05,93.00,7.98,0.40,0.62,1.07,13.68,145,2.43,0.60,-0.80,3.47
2021-05-26,9.90,92.00,8.66,0.53,0.75,1.24,15.00,146,3.95,0.59,-0.81,2.43
2021-05-27,10.03,93.00,8.94,0.90,0.66,1.08,12.95,147,1.81,0.57,-0.82,3.95
2021-05-28,8.68,93.50,7.68,0.00,0.56,0.99,20.93,148,9.46,0.56,-0.83,1.81
2021-05-29,12.70,89.25,10.97,0.10,1.21,1.73,20.82,149,7.66,0.55,-0.84,9.46
2021-05-30,11.30,91.75,10.01,0.00,0.85,1.29,23.45,150,11.27,0.53,-0.85,7.66
2021-05-31,15.03,87.50,12.96,0.10,1.64,2.06,24.82,151,12.24,0.52,-0.86,11.27
2021-06-01,16.68,68.75,10.90,0.65,4.46,5.77,26.82,152,15.61,0.50,-0.87,12.24
2021-06-02,18.82,77.75,14.85,0.40,3.62,3.97,29.62,153,19.91,0.49,-0.87,15.61
2021-06-03,19.77,84.50,17.09,0.10,2.68,2.69,26.95,154,9.00,0.47,-0.88,19.91
2021-06-04,18.75,89.25,16.94,0.00,1.75,1.81,28.55,155,11.70,0.46,-0.89,9.00
2021-06-05,17.10,93.00,15.96,0.00,1.02,1.14,19.85,156,2.87,0.44,-0.90,11.70
2021-06-06,14.55,92.25,13.31,0.20,0.97,1.24,23.12,157,8.65,0.43,-0.91,2.87
2021-06-07,15.68,77.00,11.65,0.00,3.13,4.02,25.80,158,13.06,0.41,-0.91,8.65
2021-06-08,16.75,84.00,14.03,0.00,2.34,2.72,26.93,159,12.72,0.39,-0.92,13.06
2021-06-09,19.38,87.75,17.29,0.00,2.07,2.09,27.20,160,12.46,0.38,-0.93,12.72
2021-06-10,17.93,85.25,15.41,0.10,2.30,2.51,28.85,161,18.16,0.36,-0.93,12.46
2021-06-11,18.32,90.00,16.65,0.53,1.57,1.67,26.82,162,10.00,0.35,-0.94,18.16
2021-06-12,18.18,88.50,16.24,0.53,1.79,1.93,22.77,163,9.14,0.33,-0.94,10.00
2021-06-13,14.95,88.25,13.02,0.00,1.53,1.93,25.93,164,14.78,0.31,-0.95,9.14
2021-06-14,17.80,81.25,14.54,0.00,2.94,3.26,30.25,165,19.83,0.30,-0.95,14.78
2021-06-15,16.82,80.50,13.45,0.00,2.80,3.38,26.18,166,13.46,0.28,-0.96,19.83
2021-06-16,18.62,79.00,14.91,0.30,3.38,3.72,31.30,167,17.24,0.26,-0.96,13.46
2021-06-17,24.12,81.00,20.66,0.10,4.23,3.47,32.55,168,17.34,0.25,-0.97,17.24
2021-06-18,20.25,92.00,18.91,0.10,1.40,1.34,30.88,169,11.78,0.23,-0.97,17.34
2021-06-19,19.80,86.50,17.48,0.90,2.31,2.32,23.35,170,5.25,0.21,-0.98,11.78
2021-06-20,18.32,93.00,17.17,0.40,1.10,1.15,25.52,171,8.06,0.20,-0.98,5.25
2021-06-21,13.80,93.00,12.69,0.40,0.83,1.11,17.12,172,2.18,0.18,-0.98,8.06
2021-06-22,13.62,91.50,12.27,0.40,1.01,1.36,21.40,173,7.49,0.16,-0.99,2.18
2021-06-23,13.05,91.25,11.65,0.40,1.00,1.40,20.02,174,5.37,0.15,-0.99,7.49
2021-06-24,14.82,85.00,12.33,0.20,1.91,2.50,20.05,175,4.79,0.13,-0.99,5.37
2021-06-25,13.80,89.75,12.14,0.00,1.23,1.66,20.60,176,4.89,0.11,-0.99,4.79
2021-06-26,16.88,93.00,15.73,0.20,1.01,1.14,26.27,177,10.70,0.09,-1.00,4.89
2021-06-27,19.45,86.25,17.09,0.30,2.31,2.36,28.73,178,12.31,0.08,-1.00,10.70
2021-06-28,19.85,93.75,18.81,0.00,1.07,1.04,26.35,179,7.02,0.06,-1.00,12.31
2021-06-29,19.27,93.00,18.11,0.00,1.16,1.16,24.23,180,4.80,0.04,-1.00,7.02
2021-06-30,14.55,94.00,13.59,0.00,0.75,0.96,16.25,181,0.95,0.03,-1.00,4.80
2021-07-01,13.53,94.00,12.58,0.40,0.70,0.95,16.12,182,1.61,0.01,-1.00,0.95
2021-07-02,16.18,89.00,14.36,0.00,1.52,1.82,21.55,183,4.59,-0.01,-1.00,1.61
2021-07-03,17.12,93.25,16.02,0.00,0.99,1.10,26.57,184,9.99,-0.03,-1.00,4.59
2021-07-04,18.50,93.00,17.35,0.00,1.11,1.15,24.65,185,6.75,-0.04,-1.00,9.99
2021-07-05,14.75,93.75,13.75,0.00,0.79,1.00,21.00,186,4.76,-0.06,-1.00,6.75
2021-07-06,18.23,91.75,16.86,0.40,1.29,1.37,21.77,187,6.18,-0.08,-1.00,4.76
2021-07-07,15.78,91.50,14.39,0.00,1.14,1.38,23.10,188,7.44,-0.09,-1.00,6.18
2021-07-08,17.27,92.75,16.09,0.00,1.07,1.19,25.77,189,10.24,-0.11,-0.99,7.44
2021-07-09,17.10,91.50,15.70,0.00,1.25,1.40,24.27,190,7.46,-0.13,-0.99,10.24
2021-07-10,17.50,93.00,16.35,0.00,1.04,1.15,24.20,191,1.54,-0.15,-0.99,7.46
2021-07-11,17.77,91.75,16.41,0.00,1.25,1.36,24.65,192,7.46,-0.16,-0.99,1.54
2021-07-12,18.35,93.25,17.24,0.00,1.06,1.11,27.00,193,2.57,-0.18,-0.98,7.46
2021-07-13,19.05,93.00,17.89,0.00,1.14,1.16,22.12,194,2.59,-0.20,-0.98,2.57
2021-07-14,18.88,93.00,17.72,0.30,1.13,1.16,21.45,195,2.34,-0.21,-0.98,2.59
2021-07-15,18.40,94.00,17.42,0.65,0.94,0.98,18.55,196,1.06,-0.23,-0.97,2.34
2021-07-16,16.38,90.00,14.73,0.00,1.39,1.65,20.68,197,3.69,-0.25,-0.97,1.06
2021-07-17,17.32,92.00,16.01,0.53,1.18,1.31,26.65,198,9.85,-0.26,-0.96,3.69
2021-07-18,18.35,93.00,17.20,0.00,1.10,1.15,27.73,199,10.05,-0.28,-0.96,9.85
2021-07-19,16.73,93.25,15.63,0.00,0.96,1.10,24.50,200,8.40,-0.30,-0.95,10.05
2021-07-20,14.55,92.00,13.26,0.00,1.01,1.29,24.57,201,9.72,-0.31,-0.95,8.40
2021-07-21,15.45,93.75,14.45,0.00,0.83,1.00,26.00,202,10.74,-0.33,-0.94,9.72
2021-07-22,17.43,92.75,16.24,0.00,1.08,1.19,25.07,203,9.71,-0.35,-0.94,10.74
2021-07-23,14.97,93.00,13.85,0.00,0.90,1.12,23.88,204,7.73,-0.36,-0.93,9.71
2021-07-24,17.27,90.00,15.62,0.40,1.48,1.66,23.52,205,5.51,-0.38,-0.93,7.73
2021-07-25,18.10,93.00,16.95,0.00,1.08,1.15,26.73,206,10.03,-0.39,-0.92,5.51
2021-07-26,18.40,93.25,17.29,0.10,1.06,1.11,22.65,207,4.39,-0.41,-0.91,10.03
2021-07-27,17.98,93.00,16.83,0.10,1.07,1.15,22.80,208,4.47,-0.43,-0.91,4.39
2021-07-28,16.93,94.00,15.95,0.30,0.86,0.97,21.68,209,5.00,-0.44,-0.90,4.47
2021-07-29,16.00,85.50,13.57,1.00,1.98,2.43,21.85,210,7.46,-0.46,-0.89,5.00
2021-07-30,14.68,92.25,13.43,0.00,0.98,1.25,23.43,211,6.95,-0.47,-0.88,7.46
2021-07-31,15.72,92.00,14.43,0.90,1.07,1.30,19.75,212,3.02,-0.49,-0.87,6.95
2021-08-01,15.10,93.25,14.02,0.40,0.87,1.08,20.12,213,1.92,-0.50,-0.87,3.02
2021-08-02,15.00,93.00,13.88,0.00,0.90,1.12,20.95,214,6.19,-0.52,-0.86,1.92
2021-08-03,13.30,93.25,12.23,0.00,0.78,1.07,20.10,215,4.51,-0.53,-0.85,6.19
2021-08-04,14.02,93.75,13.03,0.00,0.76,0.99,24.75,216,9.88,-0.55,-0.84,4.51
2021-08-05,16.00,93.00,14.87,0.00,0.95,1.13,24.12,217,1.97,-0.56,-0.83,9.88
2021-08-06,17.55,92.25,16.28,0.00,1.16,1.27,22.20,218,4.72,-0.57,-0.82,1.97
2021-08-07,16.52,91.25,15.09,0.00,1.23,1.43,22.67,219,7.01,-0.59,-0.81,4.72
2021-08-08,15.72,91.25,14.30,1.00,1.17,1.42,20.48,220,5.60,-0.60,-0.80,7.01
2021-08-09,14.68,91.00,13.22,0.20,1.13,1.45,20.52,221,4.50,-0.62,-0.79,5.60
2021-08-10,15.60,94.00,14.64,0.40,0.80,0.96,21.88,222,5.21,-0.63,-0.78,4.50
2021-08-11,14.85,94.00,13.89,0.00,0.76,0.96,24.98,223,9.25,-0.64,-0.77,5.21
2021-08-12,15.62,94.00,14.66,0.00,0.80,0.96,25.68,224,8.23,-0.66,-0.76,9.25
2021-08-13,17.27,93.25,16.17,0.00,0.99,1.10,22.90,225,6.40,-0.67,-0.74,8.23
2021-08-14,15.30,93.75,14.30,0.00,0.82,1.00,23.52,226,7.02,-0.68,-0.73,6.40
2021-08-15,16.12,93.50,15.07,0.00,0.89,1.05,25.50,227,7.87,-0.69,-0.72,7.02
2021-08-16,16.88,90.25,15.27,0.90,1.40,1.61,17.93,228,4.25,-0.71,-0.71,7.87
2021-08-17,14.45,92.00,13.17,0.40,0.99,1.28,16.85,229,2.23,-0.72,-0.70,4.25
2021-08-18,15.32,94.00,14.36,0.00,0.78,0.96,19.65,230,3.09,-0.73,-0.68,2.23
2021-08-19,17.18,93.00,16.03,0.00,1.02,1.14,18.05,231,1.81,-0.74,-0.67,3.09
2021-08-20,15.88,93.00,14.74,0.00,0.95,1.13,23.82,232,6.04,-0.75,-0.66,1.81
2021-08-21,15.40,93.00,14.27,0.00,0.92,1.13,25.12,233,7.30,-0.76,-0.65,6.04
2021-08-22,17.70,93.00,16.55,0.20,1.06,1.15,21.40,234,3.28,-0.77,-0.63,7.30
2021-08-23,16.27,93.75,15.27,0.20,0.87,1.01,22.90,235,7.01,-0.79,-0.62,3.28
2021-08-24,14.12,93.25,13.05,0.00,0.82,1.08,22.93,236,8.07,-0.80,-0.61,7.01
2021-08-25,11.85,94.00,10.91,0.00,0.63,0.94,22.88,237,7.17,-0.81,-0.59,8.07
2021-08-26,14.80,91.00,13.34,0.30,1.14,1.46,20.43,238,4.34,-0.82,-0.58,7.17
2021-08-27,13.80,93.00,12.69,0.00,0.83,1.11,19.52,239,3.73,-0.83,-0.56,4.34
2021-08-28,15.65,93.25,14.56,0.20,0.90,1.09,20.12,240,4.13,-0.84,-0.55,3.73
2021-08-29,15.95,90.75,14.44,0.53,1.26,1.51,17.95,241,1.36,-0.85,-0.53,4.13
2021-08-30,16.80,93.00,15.66,0.00,1.00,1.14,22.38,242,4.70,-0.85,-0.52,1.36
2021-08-31,15.85,93.00,14.72,0.00,0.95,1.13,21.88,243,4.96,-0.86,-0.50,4.70
2021-09-01,15.10,91.75,13.77,0.00,1.06,1.33,19.27,244,3.98,-0.87,-0.49,4.96
2021-09-02,15.45,93.00,14.32,0.00,0.92,1.13,22.98,245,6.98,-0.88,-0.47,3.98
2021-09-03,12.80,94.00,11.86,0.00,0.67,0.94,24.80,246,7.61,-0.89,-0.46,6.98
2021-09-04,13.22,93.00,12.12,0.30,0.81,1.11,22.88,247,6.43,-0.90,-0.44,7.61
2021-09-05,11.53,94.00,10.59,0.00,0.62,0.93,25.15,248,9.48,-0.90,-0.43,6.43
2021-09-06,10.45,93.75,9.48,0.00,0.60,0.97,24.73,249,8.87,-0.91,-0.41,9.48
2021-09-07,13.62,93.00,12.51,0.00,0.82,1.11,26.62,250,9.83,-0.92,-0.40,8.87
2021-09-08,13.95,93.50,12.92,0.00,0.78,1.03,27.75,251,10.94,-0.92,-0.38,9.83
2021-09-09,15.03,93.50,13.98,0.00,0.83,1.04,27.00,252,7.41,-0.93,-0.37,10.94
2021-09-10,18.73,93.00,17.57,0.00,1.12,1.16,23.30,253,3.69,-0.94,-0.35,7.41
2021-09-11,16.20,93.50,15.15,0.00,0.90,1.05,21.07,254,2.53,-0.94,-0.33,3.69
2021-09-12,13.80,93.00,12.69,0.00,0.83,1.11,21.45,255,4.09,-0.95,-0.32,2.53
2021-09-13,10.68,93.25,9.63,0.00,0.66,1.05,21.07,256,4.74,-0.95,-0.30,4.09
2021-09-14,13.03,94.00,12.08,0.00,0.68,0.94,23.00,257,5.09,-0.96,-0.28,4.74
2021-09-15,17.73,93.00,16.58,0.00,1.06,1.15,20.27,258,2.85,-0.96,-0.27,5.09
2021-09-16,14.10,92.25,12.86,0.00,0.94,1.24,21.05,259,5.01,-0.97,-0.25,2.85
2021-09-17,14.75,93.00,13.63,0.00,0.88,1.12,22.00,260,5.44,-0.97,-0.23,5.01
2021-09-18,11.43,93.00,10.33,0.00,0.72,1.09,22.48,261,5.84,-0.98,-0.22,5.44
2021-09-19,13.03,93.25,11.96,0.10,0.77,1.07,21.30,262,5.36,-0.98,-0.20,5.84
2021-09-20,8.15,92.75,7.05,0.00,0.60,1.10,18.48,263,5.85,-0.98,-0.18,5.36
2021-09-21,7.97,94.00,7.07,0.00,0.50,0.91,19.23,264,6.56,-0.99,-0.17,5.85
2021-09-22,7.00,93.00,5.94,0.00,0.54,1.06,21.43,265,7.09,-0.99,-0.15,6.56
2021-09-23,10.85,93.75,9.88,0.00,0.62,0.97,19.48,266,3.65,-0.99,-0.13,7.09
2021-09-24,16.18,93.00,15.04,0.20,0.96,1.13,21.10,267,4.33,-0.99,-0.12,3.65
2021-09-25,15.53,92.00,14.23,0.00,1.06,1.30,20.48,268,3.19,-1.00,-0.10,4.33
2021-09-26,14.05,93.75,13.06,0.00,0.76,0.99,23.12,269,4.35,-1.00,-0.08,3.19
2021-09-27,15.53,93.50,14.48,0.00,0.86,1.05,19.88,270,2.92,-1.00,-0.06,4.35
2021-09-28,8.32,93.75,7.38,0.00,0.53,0.95,19.68,271,5.69,-1.00,-0.05,2.92
2021-09-29,12.47,92.00,11.21,0.00,0.88,1.27,13.68,272,2.23,-1.00,-0.03,5.69
2021-09-30,8.40,93.50,7.41,0.20,0.55,0.99,14.82,273,3.10,-1.00,-0.01,2.23
2021-10-02,12.40,93.25,11.34,0.00,0.74,1.06,17.27,275,2.51,-1.00,0.02,3.10
2021-10-03,13.93,93.00,12.81,0.00,0.84,1.11,14.12,276,0.84,-1.00,0.04,2.51
2021-10-04,11.28,92.00,10.02,0.10,0.81,1.25,18.32,277,5.05,-1.00,0.06,0.84
2021-10-05,10.40,89.25,8.71,0.20,1.04,1.69,17.65,278,3.69,-1.00,0.07,5.05
2021-10-06,10.57,93.00,9.49,1.00,0.68,1.09,14.95,279,1.16,-1.00,0.09,3.69
2021-10-07,9.30,94.00,8.38,0.00,0.54,0.92,16.07,280,2.10,-0.99,0.11,1.16
2021-10-08,6.22,94.00,5.33,0.00,0.44,0.89,18.10,281,3.98,-0.99,0.12,2.10
2021-10-09,6.30,93.25,5.29,0.00,0.50,1.01,17.38,282,3.66,-0.99,0.14,3.98
2021-10-10,4.05,93.50,3.10,0.00,0.41,0.95,16.20,283,2.82,-0.99,0.16,3.66
2021-10-11,8.47,93.75,7.52,0.00,0.53,0.95,15.38,284,2.57,-0.98,0.18,2.82
2021-10-12,10.90,93.50,9.89,0.20,0.65,1.01,13.80,285,2.51,-0.98,0.19,2.57
2021-10-13,7.23,94.00,6.33,0.00,0.47,0.90,14.17,286,2.32,-0.98,0.21,2.51
2021-10-14,12.03,93.00,10.93,0.40,0.75,1.10,15.30,287,1.80,-0.97,0.23,2.32
2021-10-15,12.60,92.00,11.33,0.78,0.89,1.27,14.52,288,3.58,-0.97,0.24,1.80
2021-10-16,7.72,94.00,6.82,0.00,0.49,0.91,14.05,289,3.24,-0.97,0.26,3.58
2021-10-17,7.83,91.00,6.45,0.00,0.74,1.38,14.18,290,2.77,-0.96,0.28,3.24
2021-10-18,6.05,93.00,5.00,0.00,0.51,1.05,14.93,291,2.44,-0.96,0.29,2.77
2021-10-19,14.65,93.00,13.53,0.00,0.88,1.12,17.98,292,1.09,-0.95,0.31,2.44
2021-10-20,15.05,87.00,12.90,0.78,1.67,2.15,17.25,293,1.98,-0.95,0.33,1.09
2021-10-21,10.53,91.75,9.24,2.00,0.80,1.29,11.90,294,1.35,-0.94,0.34,1.98
2021-10-22,7.45,91.00,6.08,1.20,0.72,1.37,12.22,295,1.45,-0.93,0.36,1.35
2021-10-23,1.57,94.00,0.71,0.00,0.32,0.86,12.68,296,1.25,-0.93,0.37,1.45
2021-10-24,0.95,93.75,0.06,0.00,0.32,0.89,13.45,297,2.80,-0.92,0.39,1.25
2021-10-25,8.60,93.50,7.61,0.00,0.56,0.99,14.20,298,1.50,-0.91,0.41,2.80
2021-10-26,11.18,93.00,10.08,0.40,0.71,1.09,14.43,299,1.89,-0.91,0.42,1.50
2022-01-01,12.00,88.00,10.07,1.50,1.28,1.93,14.00,1,1.81,0.02,1.00,1.89
2022-01-02,12.00,88.00,10.07,6.25,1.28,1.93,13.00,2,1.81,0.03,1.00,1.81
2022-01-03,11.00,84.50,8.49,5.00,1.55,2.51,11.25,3,1.75,0.05,1.00,1.81
2022-01-04,8.00,89.50,6.38,2.75,0.87,1.62,8.75,4,0.87,0.07,1.00,1.75
2022-01-05,5.00,84.00,2.52,9.75,1.09,2.48,6.75,5,0.78,0.09,1.00,0.87
2022-01-06,1.00,90.50,-0.38,0.00,0.49,1.38,7.00,6,1.47,0.10,0.99,0.78
2022-01-07,5.00,90.00,3.50,5.00,0.68,1.50,7.00,7,1.33,0.12,0.99,1.47
2022-01-08,1.75,90.00,0.28,0.00,0.55,1.47,5.25,8,0.73,0.14,0.99,1.33
2022-01-09,5.00,87.00,3.01,6.00,0.88,1.99,7.75,9,1.47,0.15,0.99,0.73
2022-01-10,1.00,90.00,-0.46,0.00,0.52,1.46,6.00,10,0.80,0.17,0.99,1.47
2022-01-11,0.00,90.00,-1.45,0.00,0.48,1.45,3.67,11,1.39,0.19,0.98,0.80
2022-01-13,2.00,97.00,1.57,3.00,0.17,0.43,4.00,13,0.18,0.22,0.98,1.39
2022-01-14,3.00,98.00,2.71,3.00,0.12,0.29,4.00,14,0.19,0.24,0.97,0.18
2022-01-15,3.00,98.00,2.71,4.25,0.12,0.29,3.00,15,0.15,0.26,0.97,0.19
2022-01-16,2.25,97.75,1.93,3.50,0.13,0.32,6.00,16,0.56,0.27,0.96,0.15
2022-01-17,4.25,94.75,3.48,5.25,0.34,0.77,9.00,17,1.37,0.29,0.96,0.56
2022-01-18,4.25,97.75,3.93,0.00,0.15,0.32,6.50,18,0.70,0.30,0.95,1.37
2022-01-19,1.75,98.00,1.47,4.50,0.11,0.28,6.00,19,0.57,0.32,0.95,0.70
2022-01-20,3.75,74.75,-0.32,8.25,1.58,4.07,5.25,20,2.06,0.34,0.94,0.57
2022-01-21,0.00,96.00,-0.56,1.00,0.19,0.56,6.00,21,1.02,0.35,0.94,2.06
2022-01-22,5.00,96.25,4.45,2.50,0.25,0.55,7.00,22,0.89,0.37,0.93,1.02
2022-01-23,4.25,97.00,3.82,0.00,0.19,0.43,7.00,23,1.12,0.39,0.92,0.89
2022-01-24,4.00,81.50,1.12,0.50,1.18,2.88,5.00,24,1.43,0.40,0.92,1.12
2022-01-25,3.00,81.50,0.14,0.00,1.10,2.86,4.00,25,1.27,0.42,0.91,1.43
2022-01-26,2.00,87.25,0.10,5.25,0.71,1.90,4.50,26,0.85,0.43,0.90,1.27
2022-01-27,6.00,89.50,4.40,12.75,0.76,1.60,9.00,27,1.38,0.45,0.89,0.85
2022-01-28,2.00,91.50,0.76,1.50,0.47,1.24,8.50,28,2.23,0.46,0.89,1.38
2022-01-29,8.00,94.25,7.13,10.75,0.48,0.87,11.00,29,1.63,0.48,0.88,2.23
2022-01-30,4.25,79.25,0.97,5.25,1.34,3.28,8.00,30,3.39,0.49,0.87,1.63
2022-01-31,5.00,88.00,3.18,16.25,0.82,1.82,6.00,31,1.16,0.51,0.86,3.39
2022-02-01,4.00,93.25,3.01,9.00,0.43,0.99,9.25,32,1.70,0.52,0.85,1.16
2022-02-03,8.00,86.50,5.88,6.25,1.12,2.12,8.00,34,1.47,0.55,0.83,1.70
2022-02-04,8.00,85.75,5.76,10.25,1.18,2.24,9.00,35,1.85,0.57,0.82,1.47
2022-02-05,4.00,87.00,2.03,9.00,0.83,1.97,8.00,36,2.58,0.58,0.81,1.85
2022-02-06,8.00,94.00,7.09,10.25,0.50,0.91,8.25,37,1.47,0.59,0.80,2.58
2022-02-07,4.25,83.25,1.66,4.75,1.09,2.59,8.00,38,2.42,0.61,0.79,1.47
2022-02-08,8.50,88.50,6.71,7.50,0.99,1.79,11.00,39,2.40,0.62,0.78,2.42
2022-02-09,8.00,92.25,6.82,9.50,0.64,1.18,10.00,40,1.39,0.64,0.77,2.40
2022-02-10,7.00,94.00,6.10,3.50,0.46,0.90,8.00,41,2.15,0.65,0.76,1.39
2022-02-11,4.00,84.25,1.58,9.50,1.00,2.42,7.25,42,3.84,0.66,0.75,2.15
2022-02-12,-1.00,93.00,-1.99,3.50,0.32,0.99,8.00,43,4.05,0.67,0.74,3.84
2022-02-13,1.25,77.25,-2.30,5.50,1.20,3.55,10.00,44,3.70,0.69,0.73,4.05
2022-02-14,11.00,71.50,6.04,12.00,2.85,4.96,10.75,45,3.09,0.70,0.71,3.70
2022-02-15,6.00,89.25,4.36,7.50,0.78,1.64,9.25,46,3.34,0.71,0.70,3.09
2022-02-16,9.25,94.00,8.33,13.25,0.54,0.92,13.00,47,2.04,0.72,0.69,3.34
2022-02-17,8.00,78.25,4.44,17.00,1.81,3.56,10.00,48,3.64,0.74,0.68,2.04
2022-02-18,7.00,92.50,5.87,10.00,0.58,1.13,12.00,49,3.93,0.75,0.66,3.64
2022-02-19,5.00,69.00,-0.22,12.00,2.11,5.22,8.00,50,3.37,0.76,0.65,3.93
2022-02-20,6.50,94.00,5.60,10.50,0.45,0.90,10.25,51,1.36,0.77,0.64,3.37
2022-02-21,5.00,73.50,0.65,17.50,1.80,4.35,7.00,52,1.65,0.78,0.63,1.36
2022-02-22,4.25,90.25,2.79,5.25,0.63,1.46,10.00,53,1.22,0.79,0.61,1.65
2022-02-23,3.50,90.50,2.09,5.00,0.59,1.41,12.00,54,5.12,0.80,0.60,1.22
2022-02-24,7.00,76.50,3.15,7.00,1.82,3.85,11.00,55,3.73,0.81,0.58,5.12
2022-02-25,3.25,89.75,1.73,8.25,0.62,1.52,7.00,56,1.85,0.82,0.57,3.73
2022-02-26,-2.00,96.00,-2.55,0.00,0.17,0.55,8.75,57,2.98,0.83,0.56,1.85
2022-02-27,-0.50,90.25,-1.90,2.50,0.46,1.40,10.00,58,5.40,0.84,0.54,2.98
2022-02-28,-0.50,82.75,-3.07,2.00,0.82,2.57,11.00,59,6.11,0.85,0.53,5.40
2022-03-01,2.50,69.25,-2.57,1.00,1.77,5.07,9.00,60,4.10,0.86,0.51,6.11
2022-03-02,1.25,90.50,-0.13,0.00,0.51,1.38,11.25,61,6.15,0.87,0.50,4.10
2022-03-03,0.25,75.00,-3.66,2.50,1.24,3.91,12.00,62,7.11,0.88,0.48,6.15
2022-03-04,0.50,80.50,-2.47,5.75,0.98,2.97,10.75,63,5.68,0.88,0.47,7.11
2022-03-05,-1.25,85.00,-3.45,2.50,0.67,2.20,9.00,64,4.10,0.89,0.45,5.68
2022-03-06,-0.75,82.75,-3.32,6.50,0.79,2.57,7.00,65,4.16,0.90,0.44,4.10
2022-03-07,-2.75,90.00,-4.16,0.00,0.40,1.41,8.00,66,3.97,0.91,0.42,4.16
2022-03-08,0.75,71.75,-3.77,4.25,1.45,4.52,11.00,67,6.78,0.91,0.41,3.97
2022-03-09,1.00,70.00,-3.86,0.75,1.57,4.86,14.00,68,8.17,0.92,0.39,6.78
2022-03-10,2.50,80.00,-0.60,2.75,1.15,3.10,16.00,69,8.72,0.93,0.37,8.17
2022-03-11,5.50,61.25,-1.38,6.75,2.75,6.88,15.25,70,8.04,0.93,0.36,8.72
2022-03-12,8.50,65.50,2.40,6.00,2.94,6.10,15.75,71,6.95,0.94,0.34,8.04
2022-03-13,7.75,65.25,1.63,3.00,2.83,6.12,16.75,72,8.38,0.95,0.33,6.95
2022-03-14,9.00,84.25,6.48,5.00,1.39,2.52,13.50,73,4.21,0.95,0.31,8.38
2022-03-15,5.00,94.00,4.11,2.25,0.41,0.89,13.00,74,4.19,0.96,0.29,4.21
2022-03-16,4.75,92.00,3.56,6.50,0.54,1.19,13.75,75,5.38,0.96,0.28,4.19
2022-03-17,7.75,82.25,4.91,10.50,1.45,2.84,12.75,76,5.67,0.97,0.26,5.38
2022-03-18,2.50,93.00,1.48,1.00,0.42,1.02,15.75,77,6.91,0.97,0.24,5.67
2022-03-19,6.50,80.75,3.43,5.25,1.47,3.07,13.75,78,8.20,0.97,0.23,6.91
2022-03-20,5.00,60.00,-2.13,9.25,2.72,7.13,9.50,79,4.30,0.98,0.21,8.20
2022-03-21,1.75,95.50,1.11,0.50,0.25,0.64,18.00,80,8.41,0.98,0.19,4.30
2022-03-22,8.00,80.00,4.76,2.75,1.66,3.24,20.00,81,11.75,0.98,0.18,8.41
2022-03-23,5.75,77.75,2.16,1.00,1.67,3.59,20.00,82,13.35,0.99,0.16,11.75
2022-03-24,4.50,87.00,2.52,0.00,0.86,1.98,19.75,83,12.08,0.99,0.14,13.35
2022-03-25,5.00,88.00,3.18,1.00,0.85,1.82,17.75,84,9.42,0.99,0.12,12.08
2022-03-26,6.50,82.75,3.78,0.50,1.37,2.72,20.00,85,10.97,0.99,0.11,9.42
2022-03-27,6.00,88.50,4.24,3.75,0.83,1.76,18.00,86,9.49,1.00,0.09,10.97
2022-03-28,3.25,94.25,2.41,2.00,0.35,0.84,16.00,87,7.19,1.00,0.07,9.49
2022-03-29,5.00,95.50,4.34,4.00,0.31,0.66,14.25,88,6.31,1.00,0.06,7.19
2022-03-30,0.75,93.25,-0.22,1.25,0.34,0.97,11.75,89,4.78,1.00,0.04,6.31
2022-03-31,0.25,92.75,-0.79,2.00,0.36,1.04,3.00,90,0.58,1.00,0.02,4.78
2022-04-01,0.00,89.50,-1.52,13.50,0.51,1.52,4.00,91,2.00,1.00,0.00,0.58
2022-04-02,0.50,75.75,-3.29,5.00,1.22,3.79,6.25,92,3.60,1.00,-0.01,2.00
2022-04-03,0.00,91.75,-1.18,0.00,0.40,1.18,7.50,93,2.85,1.00,-0.03,3.60
2022-04-04,4.75,73.75,0.46,13.25,1.76,4.29,8.00,94,1.57,1.00,-0.05,2.85
2022-04-05,9.00,96.00,8.40,10.25,0.35,0.60,11.75,95,1.13,1.00,-0.06,1.57
2022-04-06,9.00,81.50,6.00,9.00,1.63,3.00,10.00,96,2.30,1.00,-0.08,1.13
2022-04-07,9.00,88.75,7.24,15.00,0.99,1.76,11.00,97,3.98,1.00,-0.10,2.30
2022-04-08,4.25,85.00,1.95,5.75,0.97,2.30,9.00,98,3.50,0.99,-0.12,3.98
2022-04-09,4.25,84.00,1.78,6.25,1.03,2.47,8.75,99,2.94,0.99,-0.13,3.50
2022-04-10,2.50,88.50,0.79,1.75,0.68,1.71,12.50,100,6.34,0.99,-0.15,2.94
2022-04-11,2.25,92.00,1.08,1.00,0.48,1.17,15.00,101,7.53,0.99,-0.17,6.34
2022-04-12,7.75,70.75,2.77,4.00,2.39,4.98,22.00,102,11.69,0.98,-0.18,7.53
2022-04-13,10.50,91.25,9.13,1.00,0.88,1.37,16.50,103,4.25,0.98,-0.20,11.69
2022-04-14,8.50,96.00,7.90,0.50,0.34,0.60,19.00,104,6.70,0.98,-0.22,4.25
2022-04-15,9.50,82.50,6.67,4.25,1.60,2.83,12.00,105,3.12,0.97,-0.23,6.70
2022-04-16,7.25,91.00,5.88,4.50,0.72,1.37,16.00,106,8.62,0.97,-0.25,3.12
2022-04-17,7.25,65.50,1.21,3.25,2.73,6.04,18.75,107,11.04,0.96,-0.27,8.62
2022-04-18,8.50,63.00,1.85,2.50,3.18,6.65,21.00,108,13.37,0.96,-0.28,11.04
2022-04-19,10.25,68.75,4.76,2.00,3.09,5.49,19.75,109,10.33,0.95,-0.30,13.37
2022-04-20,9.25,65.25,3.06,3.00,3.19,6.19,18.00,110,9.14,0.95,-0.32,10.33
2022-04-21,9.25,76.75,5.38,2.50,2.14,3.87,18.00,111,8.79,0.94,-0.33,9.14
2022-04-22,10.75,79.00,7.25,5.50,2.07,3.50,17.25,112,7.64,0.94,-0.35,8.79
2022-04-23,11.75,75.50,7.56,8.50,2.58,4.19,19.00,113,8.80,0.93,-0.37,7.64
2022-04-24,11.00,62.25,4.05,7.00,3.79,6.95,18.25,114,9.49,0.92,-0.38,8.80
2022-04-25,7.00,92.50,5.87,4.00,0.58,1.13,10.50,115,2.21,0.92,-0.40,9.49
2022-04-26,8.00,84.25,5.50,5.00,1.30,2.50,15.75,116,7.15,0.91,-0.41,2.21
2022-04-27,6.50,92.00,5.29,1.00,0.62,1.21,16.75,117,7.96,0.90,-0.43,7.15
2022-04-28,7.50,76.50,3.63,4.00,1.92,3.87,19.00,118,9.66,0.90,-0.44,7.96
2022-04-29,6.50,85.25,4.20,3.50,1.11,2.30,15.50,119,6.16,0.89,-0.46,9.66
2022-04-30,6.25,91.75,5.01,1.75,0.62,1.24,13.00,120,4.91,0.88,-0.47,6.16
2022-05-01,8.00,85.50,5.71,1.50,1.21,2.29,16.50,121,8.05,0.87,-0.49,4.91
2022-05-02,9.75,79.25,6.33,2.00,2.06,3.42,20.25,122,11.02,0.86,-0.50,8.05
2022-05-03,10.00,69.00,4.57,2.00,3.05,5.43,17.25,123,6.58,0.85,-0.52,11.02
2022-05-04,9.50,68.00,3.88,3.00,2.95,5.62,20.00,124,9.89,0.85,-0.53,6.58
2022-05-05,10.50,84.50,8.00,1.75,1.61,2.50,22.00,125,10.91,0.84,-0.55,9.89
2022-05-06,9.00,95.50,8.32,2.00,0.40,0.68,23.00,126,11.25,0.83,-0.56,10.91
2022-05-07,12.75,90.75,11.28,1.75,1.06,1.47,21.75,127,8.53,0.82,-0.58,11.25
2022-05-08,11.00,72.50,6.24,5.00,2.77,4.76,21.50,128,13.35,0.81,-0.59,8.53
2022-05-09,12.00,70.00,6.69,3.50,3.30,5.31,26.25,129,16.73,0.80,-0.61,13.35
2022-05-10,14.50,80.50,11.18,2.50,2.47,3.32,24.25,130,11.81,0.79,-0.62,16.73
2022-05-11,16.50,64.50,9.78,4.50,5.00,6.72,23.00,131,11.25,0.77,-0.63,11.81
2022-05-12,13.00,86.00,10.71,2.75,1.61,2.29,21.00,132,11.40,0.76,-0.65,11.25
2022-05-13,12.50,83.00,9.69,5.00,1.88,2.81,20.00,133,8.77,0.75,-0.66,11.40
2022-05-14,12.75,82.25,9.80,2.25,1.99,2.95,24.25,134,13.36,0.74,-0.67,8.77
2022-05-15,15.50,71.25,10.31,3.00,3.85,5.19,27.00,135,18.72,0.73,-0.68,13.36
2022-05-16,17.50,67.50,11.41,3.00,4.88,6.09,25.00,136,10.14,0.72,-0.70,18.72
2022-05-17,14.50,95.25,13.75,0.00,0.59,0.75,25.75,137,11.53,0.71,-0.71,10.14
2022-05-18,18.50,81.00,15.18,2.00,3.06,3.32,27.75,138,13.15,0.69,-0.72,11.53
2022-05-19,18.00,85.00,15.44,1.75,2.30,2.56,26.25,139,10.41,0.68,-0.73,13.15
2022-05-20,13.75,94.25,12.84,2.75,0.69,0.91,20.25,140,6.46,0.67,-0.74,10.41
2022-05-21,14.00,84.00,11.34,5.75,1.93,2.66,19.00,141,6.83,0.66,-0.76,6.46
2022-05-22,13.00,91.25,11.61,2.00,1.06,1.39,24.00,142,12.13,0.64,-0.77,6.83
2022-05-23,16.25,78.00,12.41,3.00,3.05,3.84,24.50,143,10.19,0.63,-0.78,12.13
2022-05-24,12.00,87.75,10.03,6.00,1.31,1.97,17.00,144,5.24,0.62,-0.79,10.19
2022-05-25,12.25,87.50,10.23,3.50,1.37,2.02,18.00,145,6.68,0.60,-0.80,5.24
2022-05-26,15.00,85.75,12.63,5.00,1.84,2.37,20.25,146,7.30,0.59,-0.81,6.68
2022-05-27,14.00,88.50,12.13,5.00,1.39,1.87,17.25,147,7.02,0.57,-0.82,7.30
2022-05-28,12.75,72.50,7.93,5.25,3.08,4.82,17.25,148,8.06,0.56,-0.83,7.02
2022-05-29,9.50,92.75,8.38,2.50,0.66,1.12,14.25,149,3.89,0.55,-0.84,8.06
2022-05-30,8.50,93.50,7.51,1.50,0.56,0.99,18.25,150,8.38,0.53,-0.85,3.89
2022-05-31,9.50,88.25,7.65,2.00,1.07,1.85,20.25,151,10.32,0.52,-0.86,8.38
2022-06-01,11.50,91.75,10.20,2.75,0.86,1.30,17.00,152,6.10,0.50,-0.87,10.32
2022-06-02,11.25,94.25,10.36,0.00,0.59,0.89,22.50,153,11.59,0.49,-0.87,6.10
2022-06-03,15.25,68.75,9.54,4.50,4.09,5.71,25.50,154,14.45,0.47,-0.88,11.59
2022-06-04,13.50,75.75,9.30,4.50,2.84,4.20,25.25,155,12.49,0.46,-0.89,14.45
2022-06-05,15.25,77.50,11.34,3.00,2.93,3.91,21.50,156,6.41,0.44,-0.90,12.49
2022-06-06,14.25,86.25,11.98,6.00,1.69,2.27,17.75,157,4.73,0.43,-0.91,6.41
2022-06-07,13.25,93.75,12.26,4.00,0.72,0.99,22.75,158,8.06,0.41,-0.91,4.73
2022-06-08,15.50,91.50,14.12,2.00,1.13,1.38,19.00,159,3.31,0.39,-0.92,8.06
2022-06-09,15.50,88.00,13.52,5.00,1.59,1.98,22.00,160,8.83,0.38,-0.93,3.31
2022-06-10,15.00,88.00,13.03,2.50,1.55,1.97,22.75,161,6.69,0.36,-0.93,8.83
2022-06-11,16.75,79.50,13.18,3.50,2.93,3.57,24.75,162,12.21,0.35,-0.94,6.69
2022-06-12,15.75,81.75,12.64,3.00,2.45,3.11,22.00,163,10.29,0.33,-0.94,12.21
2022-06-13,14.75,85.50,12.34,2.50,1.87,2.41,20.50,164,9.53,0.31,-0.95,10.29
2022-06-14,11.50,88.75,9.71,0.50,1.21,1.79,24.75,165,13.35,0.30,-0.95,9.53
2022-06-15,15.50,79.00,11.87,2.00,2.82,3.63,28.00,166,17.75,0.28,-0.96,13.35
2022-06-16,15.50,70.75,10.21,2.25,3.91,5.29,28.00,167,17.13,0.26,-0.96,17.75
2022-06-17,18.50,74.75,13.93,2.00,4.06,4.57,31.00,168,21.04,0.25,-0.97,17.13
2022-06-18,21.50,73.25,16.51,2.00,5.05,4.99,31.00,169,16.08,0.23,-0.97,21.04
2022-06-19,16.00,58.00,7.73,3.00,5.72,8.27,17.75,170,3.98,0.21,-0.98,16.08
2022-06-20,14.75,80.25,11.38,3.00,2.52,3.37,22.25,171,10.06,0.20,-0.98,3.98
2022-06-21,13.50,87.50,11.46,2.50,1.52,2.04,22.50,172,10.84,0.18,-0.98,10.06
2022-06-22,15.50,87.50,13.43,2.50,1.70,2.07,29.75,173,20.87,0.16,-0.99,10.84
2022-06-23,19.00,70.50,13.51,3.00,4.82,5.49,33.75,174,24.64,0.15,-0.99,20.87
2022-06-24,17.00,96.00,16.36,0.50,0.58,0.64,25.00,175,8.35,0.13,-0.99,24.64
2022-06-25,19.00,82.50,15.95,3.00,2.86,3.05,23.75,176,7.24,0.11,-0.99,8.35
2022-06-26,16.50,89.50,14.77,2.50,1.48,1.73,20.75,177,5.81,0.09,-1.00,7.24
2022-06-27,16.00,94.25,15.08,0.00,0.78,0.92,20.25,178,4.64,0.08,-1.00,5.81
2022-07-05,15.00,92.50,13.79,0.50,0.97,1.21,23.25,186,11.36,-0.06,-1.00,4.64
2022-07-06,15.50,79.50,11.97,3.25,2.75,3.53,22.75,187,10.49,-0.08,-1.00,11.36
2022-07-07,16.00,85.00,13.48,5.50,2.04,2.52,19.25,188,6.42,-0.09,-1.00,10.49
2022-07-08,15.25,80.50,11.91,2.00,2.56,3.34,25.00,189,10.76,-0.11,-0.99,6.42
2022-07-09,16.75,94.25,15.82,0.50,0.82,0.93,23.75,190,9.93,-0.13,-0.99,10.76
2022-07-10,15.00,80.75,11.72,3.00,2.47,3.28,22.00,191,7.52,-0.15,-0.99,9.93
2022-07-11,16.00,93.00,14.87,2.00,0.95,1.13,26.50,192,11.09,-0.16,-0.99,7.52
2022-07-12,17.00,96.25,16.40,0.50,0.55,0.60,28.00,193,14.01,-0.18,-0.98,11.09
2022-07-13,20.75,79.00,16.97,2.25,3.80,3.78,28.75,194,14.74,-0.20,-0.98,14.01
2022-07-14,14.50,94.75,13.67,2.00,0.66,0.83,23.75,195,10.36,-0.21,-0.98,14.74
2022-07-15,15.50,81.50,12.34,1.50,2.49,3.16,24.00,196,11.52,-0.23,-0.97,10.36
2022-07-16,17.75,77.25,13.71,0.00,3.45,4.04,24.50,197,13.44,-0.25,-0.97,11.52
2022-07-17,14.25,84.25,11.63,1.00,2.02,2.62,29.00,198,18.24,-0.26,-0.96,13.44
2022-07-18,17.50,82.25,14.44,0.00,2.75,3.06,32.75,199,23.20,-0.28,-0.96,18.24
2022-07-19,21.75,71.25,16.31,1.50,5.56,5.44,32.25,200,18.58,-0.30,-0.95,23.20
2022-07-20,23.00,77.75,18.90,2.50,4.60,4.10,29.00,201,13.19,-0.31,-0.95,18.58
2022-07-21,18.00,93.00,16.85,2.00,1.08,1.15,19.00,202,1.79,-0.33,-0.94,13.19
2022-07-22,16.00,90.75,14.49,0.00,1.26,1.51,22.75,203,8.05,-0.35,-0.94,1.79
2022-07-23,15.00,93.00,13.88,0.00,0.92,1.12,27.00,204,12.87,-0.36,-0.93,8.05
2022-07-24,17.75,91.00,16.26,1.50,1.39,1.49,31.00,205,16.14,-0.38,-0.93,12.87
2022-07-25,21.25,79.25,17.51,1.50,3.89,3.74,25.00,206,9.73,-0.39,-0.92,16.14
2022-07-26,18.00,86.00,15.62,2.75,2.15,2.38,21.00,207,6.68,-0.41,-0.91,9.73
2022-07-27,12.00,96.50,11.46,0.00,0.37,0.54,22.75,208,10.10,-0.43,-0.91,6.68
2022-07-28,14.75,75.75,10.51,2.75,3.09,4.24,22.75,209,10.65,-0.44,-0.90,10.10
2022-07-29,14.25,88.50,12.37,1.00,1.41,1.88,27.25,210,13.31,-0.46,-0.89,10.65
2022-07-30,16.00,95.00,15.20,1.50,0.69,0.80,25.75,211,11.35,-0.47,-0.88,13.31
2022-07-31,18.00,84.50,15.35,2.25,2.38,2.65,23.00,212,5.14,-0.49,-0.87,11.35
2022-08-01,18.00,91.00,16.51,2.00,1.38,1.49,25.00,213,11.68,-0.50,-0.87,5.14
2022-08-02,16.25,88.25,14.30,0.00,1.65,1.95,29.25,214,16.73,-0.52,-0.86,11.68
2022-08-03,19.25,91.50,17.83,2.25,1.42,1.42,32.00,215,18.15,-0.53,-0.85,16.73
2022-08-04,20.25,94.00,19.25,0.00,1.07,1.00,28.25,216,11.99,-0.55,-0.84,18.15
2022-08-05,17.00,92.25,15.73,0.50,1.12,1.27,23.50,217,11.18,-0.56,-0.83,11.99
2022-08-06,12.75,96.75,12.25,0.00,0.37,0.50,24.00,218,12.51,-0.57,-0.82,11.18
2022-08-07,12.75,92.75,11.60,0.00,0.83,1.15,26.00,219,15.10,-0.59,-0.81,12.51
2022-08-08,14.50,94.50,13.63,1.00,0.71,0.87,25.00,220,10.88,-0.60,-0.80,15.10
2022-08-09,15.50,92.75,14.33,2.00,0.98,1.17,28.00,221,15.91,-0.62,-0.79,10.88
2022-08-10,17.00,84.75,14.41,2.00,2.22,2.59,30.00,222,20.24,-0.63,-0.78,15.91
2022-08-12,19.25,77.25,15.17,1.00,3.86,4.08,30.25,224,19.67,-0.66,-0.76,20.24
2022-08-13,18.50,71.00,13.14,2.00,4.65,5.36,30.00,225,18.88,-0.67,-0.74,19.67
2022-08-14,20.25,77.50,16.19,2.00,3.97,4.06,29.50,226,14.35,-0.68,-0.73,18.88
2022-08-15,20.00,77.75,15.99,2.25,3.87,4.01,27.75,227,11.22,-0.69,-0.72,14.35
2022-08-16,18.25,92.75,17.06,1.00,1.14,1.19,28.75,228,12.98,-0.71,-0.71,11.22
2022-08-17,19.75,87.00,17.52,1.50,2.21,2.23,21.75,229,2.59,-0.72,-0.70,12.98
2022-08-18,18.00,96.00,17.35,1.50,0.61,0.65,26.50,230,8.90,-0.73,-0.68,2.59
2022-08-19,17.00,97.00,16.52,1.50,0.43,0.48,25.75,231,7.28,-0.74,-0.67,8.90
2022-08-20,17.75,95.50,17.02,0.00,0.68,0.73,25.50,232,12.03,-0.75,-0.66,7.28
2022-08-21,14.00,96.75,13.49,0.50,0.39,0.51,25.50,233,10.78,-0.76,-0.65,12.03
2022-08-22,16.25,96.00,15.61,0.00,0.55,0.64,25.50,234,10.78,-0.77,-0.63,10.78
2022-08-23,17.50,93.00,16.35,0.00,1.05,1.15,30.50,235,17.13,-0.79,-0.62,10.78
2022-08-24,18.25,96.50,17.68,0.00,0.55,0.57,31.75,236,17.42,-0.80,-0.61,17.13
2022-08-25,21.00,72.75,15.92,2.25,5.01,5.08,30.75,237,17.53,-0.81,-0.59,17.42
2022-08-26,20.00,86.75,17.72,2.75,2.29,2.28,21.25,238,4.08,-0.82,-0.58,17.53
2022-08-27,15.00,92.75,13.83,0.00,0.95,1.17,22.25,239,8.04,-0.83,-0.56,4.08
2022-08-28,13.25,97.00,12.78,0.50,0.35,0.47,23.50,240,10.90,-0.84,-0.55,8.04
2022-08-29,12.50,97.00,12.04,0.00,0.33,0.46,23.50,241,10.53,-0.85,-0.53,10.90
2022-08-30,14.75,91.25,13.34,2.00,1.12,1.41,24.50,242,11.58,-0.85,-0.52,10.53
2022-08-31,14.25,73.00,9.47,3.00,3.31,4.78,24.00,243,10.55,-0.86,-0.50,11.58
2022-09-01,15.25,71.25,10.07,3.00,3.76,5.18,25.00,244,14.56,-0.87,-0.49,10.55
2022-09-02,15.25,64.75,8.65,2.75,4.59,6.60,25.75,245,14.76,-0.88,-0.47,14.56
2022-09-03,14.50,69.25,8.93,2.25,3.86,5.57,27.00,246,15.38,-0.89,-0.46,14.76
2022-09-04,15.25,96.50,14.70,0.00,0.46,0.55,28.00,247,13.78,-0.90,-0.44,15.38
2022-09-05,15.50,97.00,15.03,0.00,0.40,0.47,30.50,248,18.96,-0.90,-0.43,13.78
2022-09-06,16.75,95.50,16.03,0.00,0.64,0.72,29.25,249,15.01,-0.91,-0.41,18.96
2022-09-07,16.00,95.50,15.28,0.50,0.61,0.72,26.00,250,10.53,-0.92,-0.40,15.01
2022-09-08,16.00,95.75,15.32,0.00,0.58,0.68,22.25,251,7.00,-0.92,-0.38,10.53
2022-09-09,14.00,96.50,13.45,2.00,0.42,0.55,18.00,252,2.23,-0.93,-0.37,7.00
2022-09-10,15.00,96.50,14.45,1.00,0.45,0.55,20.25,253,3.30,-0.94,-0.35,2.23
2022-09-11,12.00,97.00,11.54,0.00,0.32,0.46,24.00,254,8.59,-0.94,-0.33,3.30
2022-09-12,12.50,96.50,11.96,0.00,0.38,0.54,25.00,255,9.55,-0.95,-0.32,8.59
2022-09-13,16.50,96.00,15.86,0.00,0.56,0.64,25.00,256,7.54,-0.95,-0.30,9.55
2022-09-14,14.00,94.00,13.05,0.00,0.72,0.95,19.00,257,3.87,-0.96,-0.28,7.54
2022-09-15,13.50,96.00,12.87,0.00,0.47,0.63,19.00,258,6.61,-0.96,-0.27,3.87
2022-09-16,10.75,94.75,9.94,1.50,0.52,0.81,16.50,259,4.75,-0.97,-0.25,6.61
2022-09-17,9.50,90.00,7.94,2.25,0.91,1.56,15.25,260,3.79,-0.97,-0.23,4.75
2022-09-18,11.00,95.00,10.23,2.50,0.50,0.77,13.00,261,1.16,-0.98,-0.22,3.79
2022-09-19,10.00,93.75,9.04,1.00,0.59,0.96,15.50,262,2.67,-0.98,-0.20,1.16
2022-09-20,8.75,96.75,8.26,0.00,0.28,0.49,16.50,263,4.88,-0.98,-0.18,2.67
2022-09-21,5.75,96.50,5.24,0.00,0.25,0.51,18.75,264,7.12,-0.99,-0.17,4.88
2022-09-22,4.75,96.50,4.24,0.00,0.23,0.51,20.00,265,8.90,-0.99,-0.15,7.12
2022-09-23,7.75,96.50,7.23,0.00,0.28,0.52,18.00,266,4.88,-0.99,-0.13,8.90
2022-09-24,12.00,96.00,11.38,0.00,0.43,0.62,14.00,267,0.60,-0.99,-0.12,4.88
2022-09-25,7.50,97.00,7.05,0.00,0.24,0.45,17.50,268,5.46,-1.00,-0.10,0.60
2022-09-26,10.00,90.00,8.43,3.00,0.94,1.57,12.00,269,1.22,-1.00,-0.08,5.46
2022-09-27,8.50,95.00,7.74,3.00,0.43,0.76,10.75,270,0.94,-1.00,-0.06,1.22
2022-09-28,5.25,96.25,4.70,0.00,0.26,0.55,15.25,271,3.88,-1.00,-0.05,0.94
2022-09-29,4.25,96.75,3.78,0.00,0.21,0.47,16.75,272,5.28,-1.00,-0.03,3.88
2022-09-30,3.00,95.50,2.35,0.00,0.27,0.65,17.25,273,4.78,-1.00,-0.01,5.28
2022-10-01,12.00,95.00,11.22,2.75,0.53,0.78,17.00,274,4.23,-1.00,0.00,4.78
2022-10-02,12.00,95.50,11.30,2.00,0.48,0.70,17.50,275,4.89,-1.00,0.02,4.23
2022-10-03,5.25,95.50,4.59,0.00,0.31,0.66,18.75,276,5.02,-1.00,0.04,4.89
2022-10-04,9.00,95.25,8.28,1.00,0.42,0.72,19.00,277,6.03,-1.00,0.06,5.02
2022-10-05,14.00,86.50,11.78,3.00,1.63,2.22,19.50,278,4.45,-1.00,0.07,6.03
2022-10-06,9.25,93.50,8.25,2.00,0.58,1.00,17.00,279,4.78,-1.00,0.09,4.45
2022-10-07,6.75,95.25,6.04,0.00,0.36,0.71,19.00,280,5.83,-0.99,0.11,4.78
2022-10-08,10.50,94.50,9.65,2.00,0.53,0.85,16.25,281,5.29,-0.99,0.12,5.83
2022-10-09,3.00,95.25,2.31,0.00,0.28,0.69,17.50,282,6.29,-0.99,0.14,5.29
2022-10-10,6.00,92.75,4.91,0.00,0.53,1.09,17.00,283,3.26,-0.99,0.16,6.29
2022-10-11,2.25,95.25,1.57,0.00,0.27,0.68,18.00,284,6.33,-0.98,0.18,3.26
2022-10-12,2.75,95.50,2.10,0.00,0.26,0.65,15.25,285,3.78,-0.98,0.19,6.33
2022-10-13,11.75,93.25,10.69,0.50,0.71,1.06,15.00,286,1.76,-0.98,0.21,3.78
2022-10-14,12.25,97.00,11.79,0.50,0.32,0.46,15.00,287,0.72,-0.97,0.23,1.76
2022-10-15,12.00,97.00,11.54,1.50,0.32,0.46,16.75,288,1.05,-0.97,0.24,0.72
2022-10-16,11.25,94.50,10.40,2.00,0.56,0.85,19.00,289,5.42,-0.97,0.26,1.05
2022-10-17,14.00,95.25,13.25,0.00,0.57,0.75,17.00,290,0.87,-0.96,0.28,5.42
2022-10-18,12.00,95.75,11.34,0.00,0.45,0.66,19.00,291,5.83,-0.96,0.29,0.87
2022-10-19,2.50,94.75,1.74,0.00,0.30,0.76,15.00,292,3.62,-0.95,0.31,5.83
2022-10-20,7.75,93.50,6.77,2.25,0.53,0.98,15.00,293,1.23,-0.95,0.33,3.62
2022-10-21,9.25,95.00,8.49,0.00,0.45,0.76,19.00,294,3.14,-0.94,0.34,1.23
2022-10-22,12.00,95.75,11.34,1.00,0.45,0.66,18.50,295,3.49,-0.93,0.36,3.14
2022-10-23,12.00,95.50,11.30,2.00,0.48,0.70,18.00,296,2.92,-0.93,0.37,3.49
2022-10-24,14.25,84.75,11.72,3.00,1.87,2.53,17.25,297,3.40,-0.92,0.39,2.92
2022-10-25,13.00,93.00,11.89,2.75,0.79,1.11,17.25,298,3.23,-0.91,0.41,3.40
2022-10-26,10.25,94.75,9.44,0.00,0.50,0.81,20.00,299,4.02,-0.91,0.42,3.23
2022-10-27,10.00,95.00,9.24,0.00,0.47,0.76,19.00,300,4.24,-0.90,0.44,4.02
2022-10-28,13.00,94.50,12.14,1.50,0.62,0.86,21.00,301,4.47,-0.89,0.45,4.24
2022-10-29,10.75,95.75,10.10,0.00,0.42,0.65,22.00,302,4.85,-0.88,0.47,4.47
2022-10-31,8.25,95.75,7.61,0.00,0.36,0.64,17.00,304,2.07,-0.87,0.50,4.85
2022-11-01,13.00,77.25,9.11,5.75,2.58,3.89,16.00,305,4.19,-0.86,0.51,2.07
2022-11-02,11.00,83.75,8.35,5.25,1.63,2.65,15.00,306,4.23,-0.85,0.53,4.19
2022-11-03,11.25,86.75,9.12,3.00,1.35,2.13,15.00,307,3.37,-0.84,0.54,4.23
2022-11-04,7.00,94.25,6.14,0.00,0.45,0.86,12.00,308,1.49,-0.83,0.56,3.37
2022-11-05,5.00,95.25,4.30,1.00,0.32,0.70,11.75,309,1.93,-0.82,0.57,1.49
2022-11-06,10.00,89.00,8.27,2.50,1.03,1.73,12.75,310,2.43,-0.81,0.58,1.93
2022-11-07,11.25,90.00,9.67,4.00,1.02,1.58,14.00,311,2.11,-0.80,0.60,2.43
2022-11-08,11.00,85.25,8.62,3.00,1.48,2.38,15.00,312,3.21,-0.79,0.61,2.11
2022-11-09,11.00,90.00,9.42,2.75,1.00,1.58,14.00,313,2.99,-0.78,0.63,3.21
2022-11-10,8.25,94.50,7.42,1.50,0.46,0.83,14.75,314,2.69,-0.77,0.64,2.99
2022-11-11,8.75,92.50,7.60,4.00,0.65,1.15,12.75,315,2.35,-0.76,0.65,2.69
2022-11-12,1.25,95.75,0.65,0.00,0.22,0.60,15.00,316,3.05,-0.75,0.66,2.35
2022-11-13,1.75,93.75,0.85,0.00,0.34,0.90,15.50,317,4.96,-0.74,0.68,3.05
2022-11-14,2.00,93.50,1.06,2.25,0.36,0.94,8.50,318,1.52,-0.72,0.69,4.96
2022-11-15,11.00,95.00,10.23,2.00,0.50,0.77,12.00,319,2.66,-0.71,0.70,1.52
2022-11-16,9.00,94.00,8.09,2.00,0.53,0.91,12.50,320,2.28,-0.70,0.71,2.66
2022-11-17,10.00,93.00,8.92,5.75,0.66,1.08,10.50,321,1.36,-0.69,0.73,2.28
2022-11-18,7.00,93.75,6.06,2.00,0.48,0.94,10.75,322,1.48,-0.67,0.74,1.36
2022-11-19,1.00,86.75,-0.96,6.50,0.69,1.96,3.00,323,1.98,-0.66,0.75,1.48
2022-11-20,-6.50,94.75,-7.20,0.00,0.16,0.70,3.00,324,0.39,-0.65,0.76,1.98
2022-11-21,2.75,96.00,2.18,2.00,0.23,0.57,7.00,325,0.62,-0.64,0.77,0.39
2022-11-22,4.00,93.50,3.05,3.25,0.41,0.95,8.00,326,1.38,-0.62,0.78,0.62
2022-11-23,8.00,89.50,6.38,4.50,0.87,1.62,10.50,327,2.38,-0.61,0.79,1.38
2022-11-24,7.00,93.00,5.94,3.00,0.54,1.06,11.75,328,2.18,-0.59,0.80,2.38
2022-11-25,7.25,93.00,6.19,2.75,0.55,1.06,11.50,329,1.91,-0.58,0.81,2.18
2022-11-26,1.00,95.75,0.40,0.00,0.22,0.60,10.00,330,0.99,-0.57,0.82,1.91
2022-11-27,6.00,87.75,4.12,4.00,0.89,1.88,7.00,331,0.89,-0.55,0.83,0.99
2022-11-28,8.00,95.00,7.25,2.00,0.41,0.75,9.00,332,0.44,-0.54,0.84,0.89
2022-11-29,7.00,96.00,6.41,0.00,0.31,0.59,9.00,333,0.62,-0.52,0.85,0.44
2022-11-30,2.00,94.00,1.14,0.00,0.33,0.86,8.50,334,1.26,-0.51,0.86,0.62
2022-12-01,5.00,93.00,3.96,1.50,0.48,1.04,7.25,335,1.32,-0.49,0.87,1.26
2022-12-02,3.00,89.25,1.40,5.00,0.64,1.60,3.00,336,0.86,-0.48,0.88,1.32
2022-12-03,2.00,86.00,-0.10,5.50,0.78,2.10,2.00,337,0.74,-0.46,0.89,0.86
2022-12-04,0.25,88.00,-1.50,5.00,0.59,1.75,2.00,338,0.72,-0.45,0.89,0.74
2022-12-05,4.00,94.75,3.23,2.50,0.33,0.77,5.00,339,0.34,-0.43,0.90,0.72
2022-12-06,4.00,95.00,3.27,2.00,0.32,0.73,6.75,340,1.14,-0.42,0.91,0.34
2022-12-07,1.75,95.75,1.14,1.50,0.23,0.61,6.00,341,0.96,-0.40,0.92,1.14
2022-12-08,3.00,94.00,2.13,3.00,0.36,0.87,3.00,342,0.52,-0.39,0.92,0.96
2022-12-09,-0.75,93.50,-1.67,0.00,0.30,0.92,3.00,343,0.88,-0.37,0.93,0.52
2022-12-10,-3.00,96.00,-3.55,3.00,0.16,0.55,-1.00,344,0.18,-0.35,0.94,0.88
2022-12-11,0.00,94.50,-0.78,2.75,0.27,0.78,1.00,345,0.47,-0.34,0.94,0.18
2022-12-12,-4.00,94.00,-4.82,0.50,0.22,0.82,1.50,346,1.12,-0.32,0.95,0.47
2022-12-13,-7.75,93.25,-8.65,0.00,0.19,0.90,-2.00,347,0.42,-0.30,0.95,1.12
2022-12-14,-6.25,86.50,-8.13,0.00,0.42,1.88,0.50,348,1.38,-0.29,0.96,0.42
2022-12-15,-8.50,93.00,-9.43,0.00,0.18,0.93,0.75,349,0.73,-0.27,0.96,1.38
2022-12-16,-5.75,92.50,-6.77,0.00,0.24,1.02,1.00,350,0.51,-0.26,0.97,0.73
2022-12-17,-1.00,90.00,-2.43,3.50,0.45,1.43,-1.00,351,0.47,-0.24,0.97,0.51
2022-12-18,-7.00,93.00,-7.94,2.00,0.21,0.94,0.00,352,1.16,-0.22,0.98,0.47
2022-12-19,6.75,95.25,6.04,7.00,0.36,0.71,10.00,353,1.79,-0.21,0.98,1.16
2022-12-20,11.00,85.25,8.62,7.50,1.48,2.38,11.00,354,1.10,-0.19,0.98,1.79
2022-12-21,7.75,95.25,7.04,2.00,0.39,0.71,8.00,355,0.95,-0.17,0.99,1.10
2022-12-22,8.25,95.00,7.50,2.25,0.42,0.75,9.00,356,0.91,-0.15,0.99,0.95
2022-12-23,8.00,95.25,7.29,0.00,0.39,0.71,10.00,357,0.44,-0.14,0.99,0.91
2022-12-24,10.00,90.00,8.43,7.00,0.94,1.57,11.00,358,1.53,-0.12,0.99,0.44
2022-12-25,8.00,93.75,7.05,3.00,0.52,0.95,9.00,359,0.71,-0.10,0.99,1.53
2022-12-26,8.00,91.75,6.74,8.00,0.68,1.26,9.50,360,1.35,-0.09,1.00,0.71
2022-12-27,3.00,91.00,1.67,7.00,0.54,1.33,7.00,361,1.09,-0.07,1.00,1.35
2022-12-28,8.00,92.00,6.78,10.25,0.66,1.22,9.50,362,1.21,-0.05,1.00,1.09
2022-12-29,10.00,81.50,6.98,12.00,1.74,3.02,10.25,363,1.79,-0.03,1.00,1.21
2022-12-30,5.00,90.50,3.57,7.00,0.65,1.43,11.50,364,1.43,-0.02,1.00,1.79
2022-12-31,13.00,95.00,12.22,6.00,0.57,0.78,16.00,365,3.29,0.00,1.00,1.43
2023-01-01,12.00,72.50,7.21,10.50,2.95,4.79,13.00,1,2.30,0.02,1.00,3.29
2023-01-02,9.75,91.25,8.39,5.50,0.81,1.36,10.00,2,1.06,0.03,1.00,2.30
2023-01-03,3.00,94.75,2.24,0.00,0.31,0.76,8.00,3,1.14,0.05,1.00,1.06
2023-01-04,11.00,91.25,9.63,12.00,0.88,1.37,13.00,4,1.47,0.07,1.00,1.14
2023-01-05,10.00,88.00,8.10,6.50,1.13,1.90,11.50,5,1.61,0.09,1.00,1.47
2023-01-06,10.50,88.25,8.64,12.50,1.15,1.86,12.00,6,2.88,0.10,0.99,1.61
2023-01-07,10.00,84.50,7.51,8.00,1.46,2.49,12.00,7,2.99,0.12,0.99,2.88
2023-01-08,7.25,85.50,4.98,5.00,1.14,2.27,10.00,8,2.21,0.14,0.99,2.99
2023-01-09,6.00,90.50,4.56,9.00,0.69,1.44,8.00,9,1.01,0.15,0.99,2.21
2023-01-10,5.75,88.50,4.00,6.50,0.82,1.75,7.00,10,1.20,0.17,0.99,1.01
2023-01-11,10.00,89.75,8.39,6.00,0.96,1.61,10.25,11,1.98,0.19,0.98,1.20
2023-01-12,9.00,91.50,7.69,14.50,0.75,1.31,11.00,12,0.75,0.21,0.98,1.98
2023-01-13,8.00,82.00,5.11,13.00,1.49,2.89,9.00,13,1.72,0.22,0.98,0.75
2023-01-14,6.00,89.50,4.40,9.00,0.76,1.60,11.00,14,0.77,0.24,0.97,1.72
2023-01-15,5.25,83.00,2.60,11.25,1.18,2.65,7.25,15,1.95,0.26,0.97,0.77
2023-01-16,4.00,90.00,2.51,8.25,0.64,1.49,6.00,16,0.91,0.27,0.96,1.95
2023-01-18,-2.00,91.00,-3.27,2.75,0.38,1.27,4.50,18,1.65,0.30,0.95,0.91
2023-01-19,2.00,91.00,0.68,5.50,0.50,1.32,5.50,19,1.93,0.32,0.95,1.65
2023-01-20,0.00,93.00,-1.00,5.00,0.34,1.00,2.00,20,0.68,0.34,0.94,1.93
2023-01-21,-2.00,93.50,-2.91,5.25,0.27,0.91,3.00,21,1.10,0.35,0.94,0.68
2023-01-22,-1.00,91.00,-2.28,4.50,0.41,1.28,1.00,22,0.62,0.37,0.93,1.10
2023-01-23,2.00,92.75,0.95,2.75,0.40,1.05,4.00,23,1.14,0.39,0.92,0.62
2023-01-24,2.00,86.50,-0.02,4.50,0.75,2.02,2.00,24,0.86,0.40,0.92,1.14
2023-01-25,-1.00,88.50,-2.66,0.50,0.52,1.66,-1.00,25,0.51,0.42,0.91,0.86
2023-01-26,0.00,95.00,-0.71,0.50,0.24,0.71,7.50,26,1.46,0.43,0.90,0.51
2023-01-27,3.75,84.75,1.42,5.50,0.95,2.33,5.00,27,1.26,0.45,0.89,1.46
2023-01-28,1.00,81.00,-1.90,2.25,0.99,2.90,4.25,28,1.81,0.46,0.89,1.26
2023-01-29,2.00,85.00,-0.26,4.50,0.83,2.26,4.00,29,1.27,0.48,0.88,1.81
2023-01-30,5.50,87.00,3.51,7.00,0.91,1.99,8.00,30,2.19,0.49,0.87,1.27
2023-01-31,4.00,89.50,2.43,8.50,0.67,1.57,8.00,31,1.40,0.51,0.86,2.19
2023-02-01,6.00,83.00,3.33,9.00,1.23,2.67,8.00,32,1.57,0.52,0.85,1.40
2023-02-02,7.00,90.25,5.51,7.50,0.76,1.49,8.00,33,1.05,0.54,0.84,1.57
2023-02-03,9.00,86.75,6.91,10.50,1.17,2.09,10.75,34,1.60,0.55,0.83,1.05
2023-02-04,4.75,95.00,4.02,0.50,0.33,0.73,10.25,35,2.25,0.57,0.82,1.60
2023-02-05,6.00,89.00,4.32,13.00,0.80,1.68,8.00,36,2.34,0.58,0.81,2.25
2023-02-06,0.75,94.75,0.00,0.00,0.27,0.75,8.00,37,2.11,0.59,0.80,2.34
2023-02-07,-2.25,94.00,-3.09,2.00,0.25,0.84,5.00,38,1.83,0.61,0.79,2.11
2023-02-08,-3.50,89.00,-5.05,1.50,0.42,1.55,8.00,39,5.50,0.62,0.78,1.83
2023-02-09,-2.00,73.00,-6.20,1.75,1.14,4.20,5.00,40,2.00,0.64,0.77,5.50
2023-02-10,-1.00,95.50,-1.63,2.25,0.20,0.63,8.00,41,2.15,0.65,0.76,2.00
2023-02-11,6.00,91.00,4.64,4.00,0.65,1.36,10.00,42,1.53,0.66,0.75,2.15
2023-02-12,6.00,91.50,4.72,0.00,0.62,1.28,9.00,43,1.92,0.67,0.74,1.53
2023-02-13,5.25,89.75,3.70,0.00,0.71,1.55,12.00,44,2.70,0.69,0.73,1.92
2023-02-14,-0.75,95.00,-1.45,0.50,0.23,0.70,12.75,45,3.69,0.70,0.71,2.70
2023-02-15,-0.75,94.75,-1.49,0.50,0.24,0.74,12.00,46,3.68,0.71,0.70,3.69
2023-02-16,5.75,85.25,3.46,3.00,1.05,2.29,10.75,47,1.75,0.72,0.69,3.68
2023-02-17,10.00,90.00,8.43,11.50,0.94,1.57,11.00,48,1.40,0.74,0.68,1.75
2023-02-18,10.00,92.75,8.88,11.00,0.68,1.12,11.00,49,1.40,0.75,0.66,1.40
2023-02-19,9.00,90.75,7.57,5.50,0.82,1.43,10.00,50,1.22,0.76,0.65,1.40
2023-02-20,8.00,88.75,6.26,10.75,0.93,1.74,9.00,51,1.23,0.77,0.64,1.22
2023-02-21,8.00,94.00,7.09,4.50,0.50,0.91,8.00,52,0.66,0.78,0.63,1.23
2023-02-22,5.00,94.25,4.15,4.00,0.39,0.85,10.75,53,1.97,0.79,0.61,0.66
2023-02-23,7.00,94.25,6.14,0.50,0.45,0.86,8.25,54,1.20,0.80,0.60,1.97
2023-02-24,2.50,86.75,0.51,5.75,0.76,1.99,7.50,55,1.11,0.81,0.58,1.20
2023-02-25,3.00,89.75,1.48,4.50,0.61,1.52,6.75,56,3.43,0.82,0.57,1.11
2023-02-26,-1.25,77.00,-4.77,5.25,1.03,3.52,6.00,57,3.57,0.83,0.56,3.43
2023-02-27,-1.75,87.00,-3.63,2.50,0.56,1.88,6.25,58,3.09,0.84,0.54,3.57
2023-02-28,1.25,82.50,-1.40,1.50,0.93,2.65,6.00,59,4.06,0.85,0.53,3.09
2023-03-01,-2.00,81.50,-4.74,2.25,0.78,2.74,7.75,60,4.43,0.86,0.51,4.06
2023-03-02,-0.50,87.25,-2.36,5.50,0.60,1.86,10.00,61,4.04,0.87,0.50,4.43
2023-03-03,1.25,90.25,-0.17,5.75,0.52,1.42,9.25,62,3.43,0.88,0.48,4.04
2023-03-04,5.00,84.50,2.60,2.50,1.05,2.40,8.25,63,2.31,0.88,0.47,3.43
2023-03-05,3.00,90.75,1.64,2.75,0.55,1.36,7.00,64,2.19,0.89,0.45,2.31
2023-03-06,2.50,91.00,1.18,5.00,0.52,1.32,7.00,65,2.54,0.90,0.44,2.19
2023-03-07,2.00,90.75,0.65,4.50,0.51,1.35,3.25,66,0.60,0.91,0.42,2.54
2023-03-08,0.00,95.00,-0.71,2.75,0.24,0.71,3.00,67,1.13,0.91,0.41,0.60
2023-03-09,1.00,96.50,0.51,3.00,0.18,0.49,2.75,68,0.42,0.92,0.39,1.13
2023-03-10,3.00,99.00,2.86,4.50,0.06,0.14,4.00,69,0.19,0.93,0.37,0.42
2023-03-11,-0.50,95.25,-1.17,0.00,0.22,0.67,7.00,70,3.43,0.93,0.36,0.19
2023-03-12,3.00,92.75,1.94,5.75,0.43,1.06,11.50,71,1.78,0.94,0.34,3.43
2023-03-13,13.00,88.50,11.14,13.25,1.30,1.86,17.25,72,4.86,0.95,0.33,1.78
2023-03-14,8.50,94.00,7.59,10.50,0.51,0.91,8.00,73,3.00,0.95,0.31,4.86
2023-03-15,1.50,98.25,1.25,0.50,0.09,0.25,9.00,74,3.90,0.96,0.29,3.00
2023-03-16,5.00,85.25,2.73,7.50,1.00,2.27,13.50,75,5.03,0.96,0.28,3.90
2023-03-17,8.25,76.00,4.27,4.25,2.02,3.98,17.00,76,5.37,0.97,0.26,5.03
2023-03-18,11.50,92.25,10.28,4.75,0.80,1.22,16.00,77,3.67,0.97,0.24,5.37
2023-03-19,10.00,93.75,9.04,4.50,0.59,0.96,14.00,78,2.02,0.97,0.23,3.67
2023-03-20,7.00,91.00,5.63,7.00,0.70,1.37,9.00,79,1.10,0.98,0.21,2.02
2023-03-21,9.00,93.25,7.97,3.50,0.60,1.03,14.00,80,2.77,0.98,0.19,1.10
2023-03-23,12.00,86.50,9.82,10.50,1.44,2.18,15.00,82,3.14,0.99,0.16,2.77
2023-03-24,10.50,87.50,8.51,10.25,1.21,1.99,12.50,83,2.10,0.99,0.14,3.14
2023-03-25,9.00,88.75,7.24,10.75,0.99,1.76,12.00,84,2.18,0.99,0.12,2.10
2023-03-26,7.25,95.25,6.54,2.00,0.37,0.71,9.00,85,1.59,0.99,0.11,2.18
2023-03-27,0.75,97.25,0.36,2.00,0.14,0.39,7.50,86,2.11,1.00,0.09,1.59
2023-03-28,0.25,97.00,-0.17,0.50,0.15,0.42,9.00,87,3.68,1.00,0.07,2.11
2023-03-29,7.00,86.75,4.94,4.00,1.03,2.06,14.00,88,2.35,1.00,0.06,3.68
2023-03-30,12.00,92.00,10.74,8.00,0.85,1.26,15.50,89,3.44,1.00,0.04,2.35
2023-03-31,10.00,94.50,9.16,8.50,0.52,0.84,13.00,90,1.93,1.00,0.02,3.44
2023-04-01,9.50,99.00,9.35,5.00,0.09,0.15,12.00,91,0.51,1.00,0.00,1.93
2023-04-02,3.25,87.75,1.41,10.25,0.74,1.84,10.00,92,3.59,1.00,-0.01,0.51
2023-04-03,1.75,89.00,0.13,5.25,0.61,1.62,9.00,93,4.47,1.00,-0.03,3.59
2023-04-04,0.25,94.25,-0.57,0.00,0.28,0.82,10.75,94,5.05,1.00,-0.05,4.47
2023-04-05,1.25,93.75,0.35,1.50,0.33,0.90,12.25,95,6.34,1.00,-0.06,5.05
2023-04-06,3.75,84.00,1.29,2.50,1.00,2.46,9.25,96,2.51,1.00,-0.08,6.34
2023-04-07,8.00,96.75,7.51,3.00,0.27,0.49,10.00,97,1.32,1.00,-0.10,2.51
2023-04-08,4.00,99.50,3.93,1.50,0.03,0.07,14.00,98,5.07,0.99,-0.12,1.32
2023-04-09,8.00,88.75,6.26,3.50,0.93,1.74,15.00,99,5.42,0.99,-0.13,5.07
2023-04-10,9.25,73.50,4.75,5.25,2.38,4.50,16.00,100,5.31,0.99,-0.15,5.42
2023-04-11,8.25,85.25,5.92,8.00,1.24,2.33,14.00,101,5.34,0.99,-0.17,5.31
2023-04-12,8.00,96.00,7.40,6.50,0.33,0.60,12.00,102,3.13,0.98,-0.18,5.34
2023-04-13,7.00,93.00,5.94,10.00,0.54,1.06,13.25,103,4.11,0.98,-0.20,3.13
2023-04-18,7.25,82.00,4.38,10.00,1.42,2.87,13.50,108,3.34,0.96,-0.28,4.11
2023-04-19,9.75,72.25,4.99,8.50,2.57,4.76,15.00,109,7.82,0.95,-0.30,3.34
2023-04-20,8.00,72.25,3.30,7.25,2.29,4.70,12.00,110,4.10,0.95,-0.32,7.82
2023-04-21,8.50,96.25,7.94,3.50,0.32,0.56,17.00,111,3.94,0.94,-0.33,4.10
2023-04-22,8.25,99.75,8.21,0.75,0.02,0.04,18.00,112,4.15,0.94,-0.35,3.94
2023-04-23,10.00,96.25,9.43,3.25,0.36,0.57,17.00,113,4.85,0.93,-0.37,4.15
2023-04-24,9.00,97.00,8.55,3.00,0.26,0.45,11.00,114,2.12,0.92,-0.38,4.85
2023-04-25,5.50,90.50,4.07,3.00,0.67,1.43,10.25,115,3.01,0.92,-0.40,2.12
2023-04-26,4.25,96.75,3.78,1.50,0.21,0.47,10.50,116,3.54,0.91,-0.41,3.01
2023-04-27,4.00,96.00,3.42,2.50,0.26,0.58,13.00,117,5.67,0.90,-0.43,3.54
2023-04-28,8.25,90.50,6.79,2.50,0.80,1.46,14.00,118,1.01,0.90,-0.44,5.67
2023-04-29,9.75,92.75,8.63,3.75,0.67,1.12,16.75,119,4.81,0.89,-0.46,1.01
2023-04-30,8.75,91.25,7.40,4.00,0.77,1.35,18.00,120,6.34,0.88,-0.47,4.81
2023-05-01,9.75,86.25,7.56,1.50,1.27,2.19,18.50,121,6.40,0.87,-0.49,6.34
2023-05-02,9.00,83.00,6.27,7.50,1.50,2.73,14.00,122,5.11,0.86,-0.50,6.40
2023-05-03,7.50,82.50,4.71,4.00,1.43,2.79,16.00,123,6.71,0.85,-0.52,5.11
2023-05-04,9.00,80.25,5.78,5.75,1.75,3.22,22.00,124,9.95,0.85,-0.53,6.71
2023-05-05,15.50,84.75,12.94,2.50,2.02,2.56,20.00,125,5.62,0.84,-0.55,9.95
2023-05-06,11.25,99.00,11.10,2.00,0.10,0.15,21.75,126,7.47,0.83,-0.56,5.62
2023-05-07,14.00,95.50,13.29,2.75,0.54,0.71,20.75,127,4.47,0.82,-0.58,7.47
2023-05-08,15.00,92.25,13.75,2.25,1.01,1.25,22.00,128,5.43,0.81,-0.59,4.47
2023-05-09,15.25,90.50,13.70,2.50,1.24,1.55,16.00,129,1.77,0.80,-0.61,5.43
2023-05-10,13.00,98.25,12.73,2.50,0.20,0.27,17.00,130,2.68,0.79,-0.62,1.77
2023-05-11,13.00,97.75,12.65,0.00,0.26,0.35,17.00,131,2.64,0.77,-0.63,2.68
2023-05-12,13.00,98.25,12.73,4.00,0.20,0.27,22.50,132,8.35,0.76,-0.65,2.64
2023-05-13,14.25,83.25,11.45,2.50,2.07,2.80,24.25,133,12.64,0.75,-0.66,8.35
2023-05-14,12.00,93.25,10.94,2.00,0.73,1.06,21.25,134,7.21,0.74,-0.67,12.64
2023-05-15,11.00,95.75,10.35,2.00,0.43,0.65,17.75,135,3.30,0.73,-0.68,7.21
2023-05-16,10.25,84.25,7.71,4.00,1.51,2.54,14.75,136,4.77,0.72,-0.70,3.30
2023-05-17,10.75,87.75,8.80,2.50,1.23,1.95,17.00,137,6.91,0.71,-0.71,4.77
2023-05-18,8.75,79.50,5.40,2.50,1.82,3.35,17.00,138,6.87,0.69,-0.72,6.91
2023-05-19,11.50,83.50,8.80,2.25,1.75,2.70,20.75,139,9.62,0.68,-0.73,6.87
2023-05-20,15.25,75.00,10.84,3.00,3.27,4.41,20.00,140,7.67,0.67,-0.74,9.62
2023-05-21,14.25,87.00,12.11,2.75,1.59,2.14,25.25,141,8.70,0.66,-0.76,7.67
2023-05-22,15.25,98.00,14.94,2.00,0.26,0.31,26.75,142,8.70,0.64,-0.77,8.70
2023-05-23,12.50,88.50,10.65,6.00,1.26,1.85,17.25,143,5.24,0.63,-0.78,8.70
2023-05-24,11.25,91.00,9.83,2.75,0.94,1.42,16.50,144,4.64,0.62,-0.79,5.24
2023-05-25,11.50,91.50,10.16,2.75,0.90,1.34,19.75,145,7.46,0.60,-0.80,4.64
2023-05-26,10.75,82.75,7.93,4.25,1.71,2.82,20.75,146,9.25,0.59,-0.81,7.46
2023-05-27,11.25,84.50,8.73,3.25,1.59,2.52,23.00,147,10.79,0.57,-0.82,9.25
2023-05-28,12.25,94.00,11.31,1.00,0.65,0.94,24.50,148,11.21,0.56,-0.83,10.79
2023-05-29,12.00,78.25,8.33,5.00,2.33,3.67,20.00,149,8.94,0.55,-0.84,11.21
2023-05-30,11.50,81.75,8.49,3.50,1.89,3.01,21.00,150,7.65,0.53,-0.85,8.94
2023-05-31,14.25,84.50,11.67,3.00,1.92,2.58,26.00,151,12.66,0.52,-0.86,7.65
2023-06-01,11.50,86.50,9.32,3.00,1.40,2.18,21.00,152,6.92,0.50,-0.87,12.66
2023-06-02,11.00,77.50,7.21,3.00,2.25,3.79,20.00,153,6.14,0.49,-0.87,6.92
2023-06-03,15.25,66.50,9.05,2.75,4.39,6.20,23.00,154,13.72,0.47,-0.88,6.14
2023-06-04,15.00,73.50,10.30,2.00,3.44,4.70,25.00,155,13.99,0.46,-0.89,13.72
2023-06-05,13.25,84.25,10.65,3.50,1.83,2.60,25.25,156,11.74,0.44,-0.90,13.99
2023-06-06,13.75,84.75,11.23,3.00,1.84,2.52,26.75,157,13.02,0.43,-0.91,11.74
2023-06-07,13.75,85.75,11.40,2.25,1.70,2.35,25.50,158,11.84,0.41,-0.91,13.02
2023-06-08,15.00,82.75,12.09,2.25,2.23,2.91,27.50,159,13.64,0.39,-0.92,11.84
2023-06-09,18.00,77.00,13.91,2.75,3.55,4.09,30.50,160,18.32,0.38,-0.93,13.64
2023-06-10,21.00,69.00,15.09,3.00,5.70,5.91,31.00,161,20.16,0.36,-0.93,18.32
2023-06-11,22.00,70.50,16.39,3.00,5.74,5.61,31.50,162,20.64,0.35,-0.94,20.16
2023-06-12,22.00,60.25,13.94,2.00,7.74,8.06,32.00,163,22.45,0.33,-0.94,20.64
2023-06-13,20.50,58.00,11.95,2.75,7.53,8.55,29.00,164,18.74,0.31,-0.95,22.45
2023-06-14,19.00,63.00,11.79,3.50,6.05,7.21,26.00,165,14.85,0.30,-0.95,18.74
2023-06-15,19.25,75.00,14.71,1.50,4.17,4.54,28.50,166,18.81,0.28,-0.96,14.85
2023-06-16,17.25,75.75,12.93,0.00,3.63,4.32,30.00,167,20.02,0.26,-0.96,18.81
2023-06-17,16.75,84.75,14.17,0.50,2.24,2.58,30.75,168,21.76,0.25,-0.97,20.02
2023-06-18,20.25,78.00,16.29,2.00,3.88,3.96,26.75,169,12.38,0.23,-0.97,21.76
2023-06-19,20.00,85.00,17.40,4.50,2.59,2.60,29.00,170,14.15,0.21,-0.98,12.38
2023-06-20,22.00,73.25,16.99,2.75,5.20,5.01,31.75,171,16.25,0.20,-0.98,14.15
2023-06-21,19.00,98.75,18.80,2.00,0.20,0.20,28.00,172,13.67,0.18,-0.98,16.25
2023-06-22,19.50,88.50,17.55,2.00,1.97,1.95,25.00,173,7.65,0.16,-0.99,13.67
2023-06-23,17.50,97.75,17.14,2.75,0.34,0.36,27.75,174,12.51,0.15,-0.99,7.65
2023-06-24,19.25,85.25,16.71,2.00,2.48,2.54,30.00,175,14.63,0.13,-0.99,12.51
2023-06-25,21.50,81.75,18.25,2.00,3.49,3.25,33.00,176,19.85,0.11,-0.99,14.63
2023-06-26,20.75,79.50,17.07,4.50,3.71,3.68,24.00,177,10.28,0.09,-1.00,19.85
2023-06-27,17.50,89.00,15.67,2.00,1.68,1.83,24.00,178,9.74,0.08,-1.00,10.28
2023-06-28,14.75,97.00,14.28,0.50,0.38,0.47,24.00,179,5.61,0.06,-1.00,9.74
2023-06-29,20.00,89.50,18.22,1.50,1.81,1.78,24.75,180,7.06,0.04,-1.00,5.61
2023-06-30,15.50,88.25,13.56,2.25,1.59,1.94,24.00,181,10.01,0.03,-1.00,7.06
2023-07-01,16.00,93.00,14.87,5.00,0.95,1.13,20.00,182,2.72,0.01,-1.00,10.01
2023-07-02,16.25,80.50,12.89,4.00,2.70,3.36,22.00,183,9.90,-0.01,-1.00,2.72
2023-07-03,16.00,85.75,13.61,3.00,1.94,2.39,20.75,184,8.36,-0.03,-1.00,9.90
2023-07-04,15.00,95.50,14.29,3.50,0.59,0.71,21.75,185,7.46,-0.04,-1.00,8.36
2023-07-05,13.75,88.00,11.80,9.50,1.43,1.95,20.00,186,5.53,-0.06,-1.00,7.46
2023-07-06,13.75,98.25,13.48,1.50,0.21,0.27,24.25,187,10.10,-0.08,-1.00,5.53
2023-07-07,17.00,90.75,15.48,2.00,1.42,1.52,29.50,188,17.41,-0.09,-1.00,10.10
2023-07-08,20.75,71.25,15.35,3.50,5.20,5.40,33.75,189,20.47,-0.11,-0.99,17.41
2023-07-09,23.00,89.25,21.13,1.00,2.30,1.87,34.00,190,17.17,-0.13,-0.99,20.47
2023-07-10,19.25,86.50,16.94,2.50,2.26,2.31,27.75,191,12.14,-0.15,-0.99,17.17
2023-07-11,21.25,79.00,17.46,2.00,3.93,3.79,30.00,192,13.65,-0.16,-0.99,12.14
2023-07-12,16.75,93.50,15.69,4.50,0.93,1.06,23.50,193,7.62,-0.18,-0.98,13.65
2023-07-13,16.50,91.25,15.07,3.50,1.23,1.43,22.25,194,6.41,-0.20,-0.98,7.62
2023-07-14,17.25,87.75,15.20,2.50,1.83,2.05,24.75,195,7.88,-0.21,-0.98,6.41
2023-07-15,22.00,75.00,17.36,1.50,4.86,4.64,26.75,196,10.15,-0.23,-0.97,7.88
2023-07-16,17.50,79.75,13.96,5.00,3.03,3.54,22.25,197,6.54,-0.25,-0.97,10.15
2023-07-17,16.50,85.50,14.06,4.50,2.04,2.44,20.50,198,4.98,-0.26,-0.96,6.54
2023-07-18,15.50,88.75,13.65,2.00,1.53,1.85,26.50,199,13.16,-0.28,-0.96,4.98
2023-07-19,16.75,93.50,15.69,1.50,0.95,1.06,23.00,200,6.06,-0.30,-0.95,13.16
2023-07-20,15.50,96.25,14.90,1.50,0.50,0.60,24.25,201,10.16,-0.31,-0.95,6.06
2023-07-21,15.50,91.50,14.12,0.00,1.17,1.38,23.00,202,8.74,-0.33,-0.94,10.16
2023-07-22,15.00,91.75,13.67,2.00,1.07,1.33,20.25,203,4.52,-0.35,-0.94,8.74
2023-07-23,16.00,91.00,14.53,3.00,1.23,1.47,22.25,204,4.09,-0.36,-0.93,4.52
2023-07-24,17.00,96.25,16.40,2.75,0.54,0.60,22.50,205,4.56,-0.38,-0.93,4.09
2023-07-25,13.25,98.00,12.94,2.00,0.23,0.31,21.00,206,8.08,-0.39,-0.92,4.56
2023-07-26,13.75,96.50,13.20,1.50,0.42,0.55,22.00,207,7.81,-0.41,-0.91,8.08
2023-07-27,14.75,98.50,14.52,2.25,0.19,0.23,20.00,208,1.21,-0.43,-0.91,7.81
2023-07-28,18.00,99.00,17.84,2.00,0.15,0.16,25.75,209,6.73,-0.44,-0.90,1.21
2023-07-29,17.50,92.25,16.23,2.50,1.16,1.27,23.25,210,4.85,-0.46,-0.89,6.73
2023-07-30,16.25,92.50,15.03,3.50,1.04,1.22,22.50,211,7.64,-0.47,-0.88,4.85
2023-07-31,16.00,97.50,15.60,3.50,0.34,0.40,18.00,212,0.73,-0.49,-0.87,7.64
2023-08-01,16.00,98.00,15.68,3.50,0.27,0.32,21.50,213,5.71,-0.50,-0.87,0.73
2023-08-02,15.50,96.25,14.90,3.00,0.50,0.60,23.00,214,5.50,-0.52,-0.86,5.71
2023-08-03,16.00,98.00,15.68,5.50,0.27,0.32,20.00,215,1.96,-0.53,-0.85,5.50
2023-08-04,15.25,98.75,15.05,1.00,0.16,0.20,21.25,216,5.08,-0.55,-0.84,1.96
2023-08-05,15.00,98.75,14.80,0.00,0.16,0.20,20.25,217,3.90,-0.56,-0.83,5.08
2023-08-06,15.50,98.00,15.18,0.50,0.26,0.32,16.00,218,0.44,-0.57,-0.82,3.90
2023-08-07,13.00,98.75,12.81,5.00,0.14,0.19,20.00,219,5.96,-0.59,-0.81,0.44
2023-08-08,14.50,95.00,13.71,2.75,0.63,0.79,20.00,220,5.53,-0.60,-0.80,5.96
2023-08-10,14.75,95.75,14.08,0.00,0.55,0.67,25.25,222,8.65,-0.63,-0.78,5.53
2023-08-11,16.75,98.25,16.47,0.00,0.26,0.28,29.00,223,9.77,-0.64,-0.77,8.65
2023-08-12,19.00,98.00,18.68,1.50,0.33,0.32,25.00,224,7.60,-0.66,-0.76,9.77
2023-08-13,16.75,90.75,15.23,2.00,1.33,1.52,24.50,225,6.55,-0.67,-0.74,7.60
2023-08-14,15.75,100.00,15.75,0.00,0.00,0.00,27.50,226,10.94,-0.68,-0.73,6.55
2023-08-15,17.75,97.00,17.27,2.00,0.46,0.48,25.75,227,6.61,-0.69,-0.72,10.94
2023-08-16,15.75,97.00,15.27,2.00,0.41,0.48,24.50,228,7.68,-0.71,-0.71,6.61
2023-08-17,16.25,92.00,14.95,2.00,1.11,1.30,20.00,229,2.55,-0.72,-0.70,7.68
2023-08-18,17.00,94.00,16.03,2.00,0.87,0.97,27.00,230,6.05,-0.73,-0.68,2.55
2023-08-19,21.00,97.75,20.63,0.50,0.41,0.37,27.25,231,5.66,-0.74,-0.67,6.05
2023-08-20,17.00,100.00,17.00,0.00,-0.00,0.00,27.75,232,11.27,-0.75,-0.66,5.66
2023-08-21,17.75,99.50,17.67,0.00,0.08,0.08,28.50,233,13.06,-0.76,-0.65,11.27
2023-08-22,17.25,100.00,17.25,0.50,0.00,0.00,25.00,234,8.12,-0.77,-0.63,13.06
2023-08-23,15.50,100.00,15.50,0.00,-0.00,-0.00,28.00,235,10.81,-0.79,-0.62,8.12
2023-08-24,17.50,98.25,17.22,1.50,0.27,0.28,24.75,236,4.72,-0.80,-0.61,10.81
2023-08-25,19.50,99.25,19.38,0.00,0.13,0.12,23.75,237,2.61,-0.81,-0.59,4.72
2023-08-26,13.75,95.00,12.96,2.75,0.60,0.79,21.50,238,5.09,-0.82,-0.58,2.61
2023-08-27,14.00,99.25,13.88,0.50,0.09,0.12,18.75,239,3.14,-0.83,-0.56,5.09
2023-08-28,12.75,100.00,12.75,0.00,0.00,0.00,22.00,240,6.21,-0.84,-0.55,3.14
2023-08-29,10.25,100.00,10.25,0.00,0.00,0.00,21.75,241,6.08,-0.85,-0.53,6.21
2023-08-30,12.00,98.50,11.77,0.50,0.16,0.23,19.50,242,4.50,-0.85,-0.52,6.08
2023-08-31,12.25,99.25,12.14,1.50,0.08,0.11,20.75,243,6.27,-0.86,-0.50,4.50
2023-09-01,13.75,98.75,13.56,1.00,0.15,0.19,20.75,244,3.12,-0.87,-0.49,6.27
2023-09-02,16.25,100.00,16.25,0.00,0.00,0.00,24.00,245,5.39,-0.88,-0.47,3.12
2023-09-03,12.75,100.00,12.75,0.00,-0.00,0.00,24.00,246,8.43,-0.89,-0.46,5.39
2023-09-04,13.50,100.00,13.50,0.50,-0.00,0.00,26.00,247,8.64,-0.90,-0.44,8.43
2023-09-05,15.50,94.50,14.62,1.75,0.75,0.88,30.00,248,13.27,-0.90,-0.43,8.64
2023-09-06,15.50,100.00,15.50,1.00,-0.00,-0.00,30.00,249,14.10,-0.91,-0.41,13.27
2023-09-07,16.00,100.00,16.00,1.00,-0.00,0.00,30.00,250,12.66,-0.92,-0.40,14.10
2023-09-08,15.50,100.00,15.50,0.00,-0.00,-0.00,31.00,251,12.08,-0.92,-0.38,12.66
2023-09-09,17.00,100.00,17.00,0.00,-0.00,0.00,30.50,252,12.49,-0.93,-0.37,12.08
2023-09-10,18.00,100.00,18.00,0.00,-0.00,0.00,32.00,253,13.00,-0.94,-0.35,12.49
2023-09-11,18.50,100.00,18.50,0.00,-0.00,-0.00,29.00,254,10.41,-0.94,-0.33,13.00
2023-09-12,18.00,100.00,18.00,0.00,0.00,0.00,27.00,255,7.46,-0.95,-0.32,10.41
2023-09-13,18.00,99.25,17.88,2.25,0.12,0.12,20.50,256,4.35,-0.95,-0.30,7.46
2023-09-14,10.25,100.00,10.25,0.00,0.00,0.00,22.00,257,7.42,-0.96,-0.28,4.35
2023-09-15,10.75,100.00,10.75,0.50,0.00,0.00,24.00,258,7.89,-0.96,-0.27,7.42
2023-09-16,12.50,100.00,12.50,0.00,-0.00,0.00,26.75,259,9.14,-0.97,-0.25,7.89
2023-09-17,15.25,99.00,15.09,0.50,0.13,0.16,22.75,260,2.38,-0.97,-0.23,9.14
2023-09-18,19.00,100.00,19.00,0.50,0.00,0.00,23.50,261,5.29,-0.98,-0.22,2.38
2023-09-19,13.25,91.75,11.94,4.00,0.95,1.31,19.75,262,4.22,-0.98,-0.20,5.29
2023-09-20,16.25,92.00,14.95,3.50,1.11,1.30,22.00,263,4.32,-0.98,-0.18,4.22
2023-09-21,17.00,87.50,14.91,2.25,1.81,2.09,16.75,264,0.48,-0.99,-0.17,4.32
2023-09-22,12.25,99.00,12.10,2.50,0.11,0.15,18.50,265,4.04,-0.99,-0.15,0.48
2023-09-23,10.75,99.75,10.71,1.75,0.02,0.04,18.00,266,2.07,-0.99,-0.13,4.04
2023-09-24,7.50,100.00,7.50,0.00,0.00,0.00,20.00,267,6.01,-0.99,-0.12,2.07
2023-09-25,12.00,87.75,10.03,2.00,1.31,1.97,22.00,268,6.11,-1.00,-0.10,6.01
2023-09-26,11.25,100.00,11.25,0.00,0.00,-0.00,22.00,269,4.80,-1.00,-0.08,6.11
2023-09-27,11.50,100.00,11.50,0.00,0.00,-0.00,24.00,270,6.27,-1.00,-0.06,4.80
2023-09-28,14.75,98.00,14.44,2.00,0.25,0.31,21.00,271,4.76,-1.00,-0.05,6.27
2023-09-29,17.50,94.75,16.65,2.00,0.78,0.85,21.25,272,2.34,-1.00,-0.03,4.76
2023-09-30,11.00,100.00,11.00,0.00,0.00,0.00,20.00,273,4.54,-1.00,-0.01,2.34
2023-10-01,14.00,92.75,12.84,1.00,0.87,1.16,24.00,274,5.93,-1.00,0.00,4.54
2023-10-02,14.25,100.00,14.25,1.50,-0.00,0.00,24.00,275,4.03,-1.00,0.02,5.93
2023-10-03,18.00,90.25,16.38,6.00,1.50,1.62,18.00,276,1.25,-1.00,0.04,4.03
2023-10-04,11.00,100.00,11.00,2.75,0.00,0.00,17.50,277,2.79,-1.00,0.06,1.25
2023-10-05,12.00,97.00,11.54,2.25,0.32,0.46,18.50,278,3.09,-1.00,0.07,2.79
2023-10-06,11.50,97.75,11.16,1.50,0.23,0.34,20.00,279,3.67,-1.00,0.09,3.09
2023-10-07,16.00,98.00,15.68,4.00,0.27,0.32,20.00,280,2.98,-0.99,0.11,3.67
2023-10-08,14.25,98.00,13.94,3.00,0.25,0.31,17.00,281,1.56,-0.99,0.12,2.98
2023-10-09,15.00,100.00,15.00,2.00,0.00,0.00,20.75,282,2.44,-0.99,0.14,1.56
2023-10-10,13.25,100.00,13.25,0.00,-0.00,0.00,22.00,283,4.93,-0.99,0.16,2.44
2023-10-11,14.25,92.00,12.97,3.50,0.98,1.28,19.00,284,1.43,-0.98,0.18,4.93
2023-10-12,15.75,100.00,15.75,2.00,0.00,0.00,16.00,285,0.00,-0.98,0.19,1.43
2023-10-13,17.25,100.00,17.25,3.00,-0.00,0.00,21.00,286,3.39,-0.98,0.21,0.00
2023-10-14,9.00,97.00,8.55,2.00,0.26,0.45,14.75,287,3.72,-0.97,0.23,3.39
2023-10-15,5.75,98.75,5.57,1.50,0.09,0.18,11.25,288,1.71,-0.97,0.24,3.72
2023-10-16,6.50,100.00,6.50,0.00,0.00,0.00,14.00,289,2.62,-0.97,0.26,1.71
2023-10-17,5.75,99.75,5.71,0.50,0.02,0.04,13.00,290,2.46,-0.96,0.28,2.62
2023-10-18,5.00,97.25,4.60,2.75,0.19,0.40,13.00,291,2.75,-0.96,0.29,2.46
2023-10-19,13.00,100.00,13.00,0.00,0.00,0.00,18.25,292,1.64,-0.95,0.31,2.75
2023-10-20,11.00,99.00,10.85,5.25,0.10,0.15,11.50,293,0.02,-0.95,0.33,1.64
2023-10-21,11.75,100.00,11.75,1.00,0.00,-0.00,16.00,294,2.91,-0.94,0.34,0.02
2023-10-22,11.00,98.50,10.77,2.00,0.15,0.23,15.75,295,2.85,-0.93,0.36,2.91
2023-10-23,9.50,100.00,9.50,0.00,0.00,0.00,14.00,296,1.00,-0.93,0.37,2.85
2023-10-24,11.00,96.75,10.50,3.00,0.33,0.50,13.00,297,0.99,-0.92,0.39,1.00
2023-10-25,7.25,100.00,7.25,0.00,0.00,0.00,11.00,298,0.00,-0.91,0.41,0.99
2024-01-01,7.00,93.25,5.98,13.00,0.52,1.02,8.50,1,0.81,0.02,1.00,0.00
2024-01-02,11.00,98.00,10.70,12.00,0.20,0.30,12.00,2,0.37,0.03,1.00,0.81
2024-01-03,9.50,91.00,8.10,15.00,0.82,1.40,10.75,3,1.04,0.05,1.00,0.37
2024-01-04,7.00,98.00,6.71,3.50,0.15,0.29,8.25,4,0.23,0.07,1.00,1.04
2024-01-05,8.00,85.75,5.76,8.00,1.18,2.24,7.75,5,0.50,0.09,1.00,0.23
2024-01-06,3.00,96.00,2.42,7.00,0.24,0.58,3.00,6,0.36,0.10,0.99,0.50
2024-01-07,0.00,92.75,-1.03,10.75,0.35,1.03,1.00,7,1.10,0.12,0.99,0.36
2024-01-08,-2.00,89.25,-3.53,10.75,0.45,1.53,0.00,8,1.88,0.14,0.99,1.10
2024-01-09,-5.00,77.25,-8.37,10.50,0.77,3.37,0.50,9,2.63,0.15,0.99,1.88
2024-01-10,-6.00,78.75,-9.09,5.00,0.67,3.09,0.75,10,2.35,0.17,0.99,2.63
2024-01-11,-7.25,95.50,-7.85,1.75,0.13,0.60,0.00,11,0.59,0.19,0.98,2.35
2024-01-12,1.00,98.00,0.72,0.00,0.10,0.28,4.00,12,0.37,0.21,0.98,0.59
2024-01-13,3.00,99.75,2.96,5.75,0.01,0.04,3.00,13,0.30,0.22,0.98,0.37
2024-01-14,2.00,99.00,1.86,9.50,0.06,0.14,2.00,14,0.11,0.24,0.97,0.30
2024-01-15,0.00,98.75,-0.17,5.50,0.06,0.17,1.25,15,0.21,0.26,0.97,0.11
2024-01-16,0.00,98.00,-0.28,4.50,0.10,0.28,2.50,16,1.01,0.27,0.96,0.21
2024-01-17,-3.00,92.75,-4.01,4.25,0.28,1.01,-1.00,17,0.64,0.29,0.96,1.01
2024-01-18,-5.25,99.00,-5.38,0.00,0.03,0.13,3.25,18,0.85,0.30,0.95,0.64
2024-01-19,-4.25,98.25,-4.48,0.50,0.06,0.23,4.00,19,0.87,0.32,0.95,0.85
2024-01-20,-2.00,98.00,-2.27,5.50,0.08,0.27,2.00,20,0.94,0.34,0.94,0.87
2024-01-21,1.75,70.25,-3.09,10.00,1.63,4.84,5.00,21,1.64,0.35,0.94,0.94
2024-01-22,11.75,92.00,10.49,17.75,0.84,1.26,11.25,22,1.77,0.37,0.93,1.64
2024-01-23,5.00,92.00,3.81,8.00,0.54,1.19,8.25,23,1.39,0.39,0.92,1.77
2024-01-24,10.00,85.50,7.68,18.50,1.36,2.32,11.00,24,1.98,0.40,0.92,1.39
2024-01-25,1.25,98.00,0.97,0.00,0.11,0.28,8.00,25,0.56,0.42,0.91,1.98
2024-01-26,10.25,98.00,9.95,12.25,0.19,0.30,11.00,26,1.90,0.43,0.90,0.56
2024-01-27,0.25,97.25,-0.13,0.00,0.14,0.38,8.00,27,1.61,0.45,0.89,1.90
2024-01-28,-2.50,98.00,-2.77,0.00,0.08,0.27,9.00,28,2.45,0.46,0.89,1.61
2024-01-29,4.00,89.00,2.35,3.50,0.70,1.65,11.00,29,2.00,0.48,0.88,2.45
2024-01-30,8.00,93.00,6.94,4.00,0.58,1.06,11.25,30,1.35,0.49,0.87,2.00
2024-01-31,5.00,96.00,4.41,3.00,0.27,0.59,7.00,31,1.51,0.51,0.86,1.35
2024-02-01,2.75,97.50,2.39,3.25,0.15,0.36,9.00,32,1.68,0.52,0.85,1.51
2024-02-02,5.75,94.75,4.97,10.50,0.37,0.78,9.75,33,0.46,0.54,0.84,1.68
2024-02-03,10.00,95.75,9.35,9.75,0.40,0.65,10.00,34,0.40,0.55,0.83,0.46
2024-02-04,9.75,98.25,9.49,9.25,0.16,0.26,11.00,35,0.60,0.57,0.82,0.40
2024-02-05,9.00,92.00,7.77,13.00,0.71,1.23,11.25,36,1.38,0.58,0.81,0.60
2024-02-07,4.00,98.00,3.71,1.00,0.13,0.29,7.00,38,1.69,0.61,0.79,1.38
2024-02-08,1.75,99.00,1.61,2.00,0.05,0.14,4.00,39,0.35,0.62,0.78,1.69
2024-02-09,10.00,97.50,9.62,8.50,0.23,0.38,12.50,40,1.01,0.64,0.77,0.35
2024-02-10,9.75,96.75,9.26,2.50,0.30,0.49,13.00,41,1.47,0.65,0.76,1.01
2024-02-11,8.00,98.00,7.70,9.75,0.17,0.30,10.00,42,0.68,0.66,0.75,1.47
2024-02-12,6.00,98.00,5.71,4.50,0.15,0.29,10.00,43,1.35,0.67,0.74,0.68
2024-02-13,3.00,98.00,2.71,7.00,0.12,0.29,9.75,44,2.17,0.69,0.73,1.35
2024-02-14,10.00,98.50,9.77,9.00,0.14,0.23,12.00,45,0.21,0.70,0.71,2.17
2024-02-15,12.00,99.00,11.85,5.25,0.11,0.15,15.00,46,1.87,0.71,0.70,0.21
2024-02-16,12.00,89.25,10.28,5.00,1.15,1.72,13.00,47,1.25,0.72,0.69,1.87
2024-02-17,9.00,98.00,8.70,2.00,0.18,0.30,12.00,48,0.85,0.74,0.68,1.25
2024-02-18,9.00,95.75,8.36,8.50,0.37,0.64,10.75,49,0.37,0.75,0.66,0.85
2024-02-19,8.75,97.00,8.30,5.25,0.26,0.45,10.25,50,0.53,0.76,0.65,0.37
2024-02-20,6.00,98.50,5.78,3.50,0.11,0.22,11.75,51,2.05,0.77,0.64,0.53
2024-02-21,9.00,93.00,7.93,8.00,0.62,1.07,11.00,52,1.50,0.78,0.63,2.05
2024-02-22,9.00,98.00,8.70,4.50,0.18,0.30,13.00,53,0.91,0.79,0.61,1.50
2024-02-23,6.00,87.50,4.08,11.25,0.91,1.92,8.75,54,1.59,0.80,0.60,0.91
2024-02-24,5.00,95.00,4.27,3.00,0.34,0.73,6.75,55,1.15,0.81,0.58,1.59
2024-02-25,5.00,96.50,4.49,5.50,0.24,0.51,8.50,56,1.18,0.82,0.57,1.15
2024-02-26,5.00,94.50,4.19,12.25,0.37,0.81,6.00,57,0.49,0.83,0.56,1.18
2024-02-27,2.25,98.00,1.97,8.00,0.11,0.28,8.00,58,1.24,0.84,0.54,0.49
2024-02-28,1.25,99.50,1.18,2.25,0.03,0.07,8.50,59,0.73,0.85,0.53,1.24
2024-02-29,6.50,96.75,6.02,5.75,0.24,0.48,9.00,60,0.66,0.86,0.51,0.73
2024-03-01,6.00,95.75,5.37,6.25,0.31,0.63,10.00,61,2.65,0.87,0.50,0.66
2024-03-02,7.25,87.00,5.23,5.00,1.03,2.02,13.75,62,4.67,0.88,0.48,2.65
2024-03-03,8.00,91.50,6.70,2.75,0.70,1.30,16.00,63,4.53,0.88,0.47,4.67
2024-03-04,7.25,94.50,6.42,3.00,0.43,0.83,12.75,64,3.32,0.89,0.45,4.53
2024-03-05,6.00,99.00,5.85,1.50,0.07,0.15,8.00,65,0.81,0.90,0.44,3.32
2024-03-06,3.00,99.50,2.93,3.00,0.03,0.07,11.00,66,2.35,0.91,0.42,0.81
2024-03-07,2.50,99.00,2.36,4.00,0.06,0.14,8.75,67,2.02,0.91,0.41,2.35
2024-03-08,2.00,87.00,0.06,7.50,0.73,1.94,10.00,68,3.22,0.92,0.39,2.02
2024-03-09,3.25,89.75,1.73,5.75,0.62,1.52,12.75,69,3.21,0.93,0.37,3.22
2024-03-10,7.00,81.50,4.05,8.50,1.43,2.95,13.00,70,3.40,0.93,0.36,3.21
2024-03-11,7.00,98.00,6.71,0.00,0.15,0.29,7.00,71,0.15,0.94,0.34,3.40
2024-03-12,7.00,98.00,6.71,5.75,0.15,0.29,11.00,72,1.75,0.95,0.33,0.15
2024-03-13,10.00,99.00,9.85,5.25,0.09,0.15,12.00,73,0.96,0.95,0.31,1.75
2024-03-14,9.75,94.00,8.83,5.75,0.56,0.92,18.00,74,4.95,0.96,0.29,0.96
2024-03-15,12.50,91.25,11.11,7.00,0.96,1.39,15.00,75,2.05,0.96,0.28,4.95
2024-03-16,7.25,93.00,6.19,7.50,0.55,1.06,10.50,76,2.96,0.97,0.26,2.05
2024-03-17,6.50,94.25,5.64,2.25,0.43,0.86,13.00,77,2.38,0.97,0.24,2.96
2024-03-18,11.00,98.25,10.73,2.25,0.18,0.27,14.50,78,3.50,0.97,0.23,2.38
2024-03-19,10.00,95.00,9.24,1.75,0.47,0.76,17.25,79,4.55,0.98,0.21,3.50
2024-03-20,7.75,99.00,7.60,0.00,0.08,0.15,18.00,80,4.15,0.98,0.19,4.55
2024-03-21,8.00,93.25,6.98,10.00,0.56,1.02,11.00,81,1.40,0.98,0.18,4.15
2024-03-22,10.50,93.00,9.41,8.50,0.68,1.09,11.00,82,0.67,0.99,0.16,1.40
2024-03-23,6.25,93.00,5.20,7.50,0.52,1.05,9.50,83,2.44,0.99,0.14,0.67
2024-03-24,5.25,96.50,4.74,8.00,0.24,0.51,8.75,84,0.96,0.99,0.12,2.44
2024-03-25,5.25,96.50,4.74,1.50,0.25,0.51,12.25,85,4.57,0.99,0.11,0.96
2024-03-26,5.50,84.00,3.01,5.75,1.13,2.49,12.00,86,2.93,1.00,0.09,4.57
2024-03-27,8.25,95.00,7.50,4.75,0.42,0.75,10.00,87,1.43,1.00,0.07,2.93
2024-03-28,8.00,87.00,5.97,6.00,1.07,2.03,12.50,88,3.68,1.00,0.06,1.43
2024-03-29,7.00,95.75,6.37,4.00,0.33,0.63,15.50,89,4.46,1.00,0.04,3.68
2024-03-30,9.25,96.25,8.68,3.50,0.34,0.57,14.75,90,2.28,1.00,0.02,4.46
2024-03-31,8.00,97.75,7.67,5.75,0.19,0.33,16.00,91,3.24,1.00,0.00,2.28
2024-04-01,8.00,98.25,7.74,1.25,0.14,0.26,13.00,92,2.35,1.00,-0.01,3.24
2024-04-02,8.50,93.25,7.47,8.25,0.58,1.03,11.50,93,1.37,1.00,-0.03,2.35
2024-04-03,9.75,97.75,9.41,5.50,0.21,0.34,13.75,94,1.29,1.00,-0.05,1.37
2024-04-04,11.00,98.00,10.70,8.00,0.20,0.30,15.00,95,2.82,1.00,-0.06,1.29
2024-04-05,12.25,96.50,11.71,6.50,0.38,0.54,18.00,96,3.11,1.00,-0.08,2.82
2024-04-06,14.00,91.00,12.55,5.50,1.10,1.45,25.00,97,12.26,1.00,-0.10,3.11
2024-04-07,15.00,76.25,10.85,8.00,3.05,4.15,21.00,98,8.93,0.99,-0.12,12.26
2024-04-08,12.50,97.00,12.04,2.50,0.33,0.46,20.00,99,4.15,0.99,-0.13,8.93
2024-04-09,12.75,94.50,11.89,6.50,0.61,0.86,13.00,100,3.23,0.99,-0.15,4.15
2024-04-10,9.00,89.75,7.41,5.25,0.90,1.59,16.00,101,6.13,0.99,-0.17,3.23
2024-04-11,11.75,82.00,8.78,4.75,1.89,2.97,14.00,102,0.88,0.98,-0.18,6.13
2024-04-12,14.00,95.00,13.21,5.50,0.60,0.79,20.00,103,4.80,0.98,-0.20,0.88
2024-04-13,13.00,93.25,11.93,2.75,0.77,1.07,23.50,104,7.57,0.98,-0.22,4.80
2024-04-14,10.50,90.50,9.01,3.50,0.92,1.49,15.25,105,4.75,0.97,-0.23,7.57
2024-04-15,8.25,91.75,6.99,6.75,0.70,1.26,11.50,106,2.25,0.97,-0.25,4.75
2024-04-16,6.50,97.75,6.17,9.25,0.17,0.33,12.00,107,1.92,0.96,-0.27,2.25
2024-04-17,5.75,95.75,5.12,3.50,0.30,0.63,10.00,108,1.91,0.96,-0.28,1.92
2024-04-18,4.75,99.00,4.61,1.75,0.07,0.14,12.00,109,3.81,0.95,-0.30,1.91
2024-04-19,9.00,98.25,8.74,9.25,0.15,0.26,10.75,110,1.65,0.95,-0.32,3.81
2024-04-20,5.00,98.00,4.71,5.25,0.14,0.29,10.75,111,1.71,0.94,-0.33,1.65
2024-04-21,4.00,96.75,3.53,7.50,0.21,0.47,11.00,112,3.20,0.94,-0.35,1.71
2024-04-22,3.50,98.00,3.21,1.50,0.12,0.29,10.75,113,4.53,0.93,-0.37,3.20
2024-04-23,2.00,98.00,1.72,1.50,0.11,0.28,11.75,114,4.47,0.92,-0.38,4.53
2024-04-24,4.75,92.50,3.64,4.00,0.51,1.11,10.75,115,2.19,0.92,-0.40,4.47
2024-04-25,5.00,97.50,4.64,2.25,0.17,0.36,10.50,116,2.94,0.91,-0.41,2.19
2024-04-26,6.00,99.00,5.85,0.50,0.07,0.15,13.75,117,4.67,0.90,-0.43,2.94
2024-04-27,8.75,95.25,8.03,2.00,0.41,0.72,17.25,118,4.08,0.90,-0.44,4.67
2024-04-28,14.00,81.75,10.93,3.75,2.20,3.07,17.00,119,4.21,0.89,-0.46,4.08
2024-04-29,9.75,93.00,8.67,2.00,0.66,1.08,20.00,120,6.65,0.88,-0.47,4.21
2024-04-30,13.00,97.00,12.53,0.00,0.34,0.47,23.00,121,8.32,0.87,-0.49,6.65
2024-05-01,16.25,89.75,14.56,2.50,1.43,1.69,28.50,122,12.80,0.86,-0.50,8.32
2024-05-02,18.00,80.25,14.54,2.75,3.05,3.46,28.00,123,11.76,0.85,-0.52,12.80
2024-05-03,12.00,98.00,11.69,5.25,0.21,0.31,13.00,124,1.56,0.85,-0.53,11.76
2024-05-04,10.00,99.25,9.89,1.00,0.07,0.11,18.75,125,6.03,0.84,-0.55,1.56
2024-05-05,10.75,97.50,10.37,2.50,0.25,0.38,18.25,126,4.76,0.83,-0.56,6.03
2024-05-06,11.50,97.25,11.08,0.50,0.29,0.42,19.00,127,5.26,0.82,-0.58,4.76
2024-05-07,12.50,91.25,11.11,1.00,1.00,1.39,21.00,128,7.37,0.81,-0.59,5.26
2024-05-08,11.00,97.00,10.54,0.00,0.30,0.46,17.50,129,3.70,0.80,-0.61,7.37
2024-05-09,11.25,99.25,11.14,0.00,0.08,0.11,21.00,130,6.09,0.79,-0.62,3.70
2024-05-10,13.25,97.00,12.78,0.00,0.37,0.47,23.00,131,8.99,0.77,-0.63,6.09
2024-05-11,13.25,94.25,12.34,2.75,0.68,0.91,25.00,132,10.42,0.76,-0.65,8.99
2024-05-12,16.50,78.00,12.65,3.00,3.10,3.85,26.75,133,11.55,0.75,-0.66,10.42
2024-05-13,19.00,87.50,16.88,0.50,2.11,2.12,25.25,134,7.89,0.74,-0.67,11.55
2024-05-14,18.75,86.50,16.45,2.75,2.24,2.30,28.00,135,14.14,0.73,-0.68,7.89
2024-05-15,16.50,97.00,16.02,0.50,0.43,0.48,23.00,136,5.70,0.72,-0.70,14.14
2024-05-16,16.00,99.00,15.84,0.00,0.14,0.16,22.50,137,5.85,0.71,-0.71,5.70
2024-05-17,14.75,98.75,14.55,0.50,0.16,0.20,21.00,138,3.57,0.69,-0.72,5.85
2024-05-18,15.50,98.75,15.30,0.00,0.17,0.20,24.00,139,8.87,0.68,-0.73,3.57
2024-05-19,15.00,95.50,14.29,1.00,0.59,0.71,22.25,140,4.73,0.67,-0.74,8.87
2024-05-20,14.00,98.25,13.73,0.00,0.21,0.27,22.25,141,5.86,0.66,-0.76,4.73
2024-05-21,17.25,94.50,16.36,2.00,0.83,0.89,24.75,142,7.27,0.64,-0.77,5.86
2024-05-22,14.00,98.25,13.73,3.50,0.21,0.27,20.00,143,4.15,0.63,-0.78,7.27
2024-05-23,14.25,93.25,13.17,1.00,0.83,1.08,21.75,144,6.09,0.62,-0.79,4.15
2024-05-24,13.75,99.00,13.60,0.00,0.12,0.15,17.50,145,1.16,0.60,-0.80,6.09
2024-05-25,14.75,99.00,14.59,0.00,0.13,0.16,18.75,146,2.39,0.59,-0.81,1.16
2024-05-26,15.50,97.75,15.15,1.50,0.30,0.35,22.00,147,5.10,0.57,-0.82,2.39
2024-05-27,14.00,93.00,12.88,2.75,0.84,1.12,19.75,148,5.07,0.56,-0.83,5.10
2024-05-28,12.25,96.75,11.75,2.00,0.36,0.50,20.00,149,5.31,0.55,-0.84,5.07
2024-05-29,15.00,98.00,14.69,3.00,0.26,0.31,19.50,150,3.65,0.53,-0.85,5.31
2024-05-30,13.75,99.00,13.60,0.50,0.12,0.15,20.50,151,5.08,0.52,-0.86,3.65
2024-05-31,13.75,96.75,13.24,0.50,0.39,0.51,20.00,152,4.93,0.50,-0.87,5.08
2024-06-01,15.25,98.50,15.01,2.25,0.19,0.24,19.00,153,1.47,0.49,-0.87,4.93
2024-06-02,14.00,88.50,12.13,2.00,1.39,1.87,18.75,154,4.34,0.47,-0.88,1.47
2024-06-13,12.50,90.75,11.03,1.25,1.04,1.47,19.75,165,6.96,0.30,-0.95,4.34
2024-06-14,14.00,91.00,12.55,3.00,1.09,1.45,18.25,166,2.66,0.28,-0.96,6.96
2024-06-15,12.00,95.75,11.34,5.25,0.46,0.66,18.25,167,4.88,0.26,-0.96,2.66
2024-06-16,14.00,94.25,13.09,3.00,0.69,0.91,18.75,168,2.78,0.25,-0.97,4.88
2024-06-17,14.50,96.50,13.95,1.50,0.44,0.55,22.25,169,6.95,0.23,-0.97,2.78
2024-06-18,14.75,98.00,14.44,0.00,0.25,0.31,17.00,170,0.65,0.21,-0.98,6.95
2024-06-19,14.00,98.50,13.77,2.00,0.18,0.23,23.50,171,8.25,0.20,-0.98,0.65
2024-06-20,14.75,91.25,13.34,2.00,1.11,1.41,22.00,172,5.82,0.18,-0.98,8.25
2024-06-21,16.00,94.25,15.08,0.00,0.78,0.92,20.00,173,2.16,0.16,-0.99,5.82
2024-06-22,15.00,93.75,14.00,2.75,0.80,1.00,21.50,174,4.96,0.15,-0.99,2.16
2024-06-23,16.75,97.75,16.39,1.00,0.33,0.36,25.75,175,8.83,0.13,-0.99,4.96
2024-06-24,17.50,92.75,16.31,0.00,1.12,1.19,28.75,176,13.25,0.11,-0.99,8.83
2024-06-25,19.50,90.75,17.95,1.00,1.59,1.55,30.75,177,16.35,0.09,-1.00,13.25
2024-06-26,22.00,82.75,18.93,1.00,3.40,3.07,33.00,178,18.80,0.08,-1.00,16.35
2024-06-27,21.75,92.00,20.39,0.50,1.56,1.36,32.00,179,16.29,0.06,-1.00,18.80
2024-06-28,18.00,84.50,15.35,3.50,2.40,2.65,23.00,180,8.63,0.04,-1.00,16.29
2024-06-29,16.50,93.75,15.49,0.00,0.92,1.01,28.00,181,14.69,0.03,-1.00,8.63
2024-06-30,16.75,95.25,15.99,0.00,0.68,0.76,22.00,182,5.63,0.01,-1.00,14.69
2024-07-01,15.50,91.50,14.12,2.25,1.13,1.38,21.00,183,6.15,-0.01,-1.00,5.63
2024-07-02,14.50,97.00,14.03,1.00,0.37,0.47,18.75,184,4.82,-0.03,-1.00,6.15
2024-07-03,14.00,89.50,12.30,2.00,1.27,1.70,18.25,185,3.80,-0.04,-1.00,4.82
2024-07-04,15.00,96.50,14.45,2.50,0.45,0.55,20.25,186,7.86,-0.06,-1.00,3.80
2024-07-05,15.25,86.50,13.01,5.00,1.76,2.24,18.00,187,2.35,-0.08,-1.00,7.86
2024-07-06,19.50,84.75,16.86,2.75,2.57,2.64,20.75,188,6.95,-0.09,-1.00,2.35
2024-07-07,14.00,90.75,12.51,3.00,1.13,1.49,19.25,189,4.93,-0.11,-0.99,6.95
2024-07-08,14.75,94.50,13.87,1.50,0.70,0.88,22.75,190,6.69,-0.13,-0.99,4.93
2024-07-09,19.25,83.00,16.29,2.25,2.83,2.96,31.00,191,14.56,-0.15,-0.99,6.69
2024-07-10,18.00,99.25,17.88,1.50,0.12,0.12,25.25,192,6.67,-0.16,-0.99,14.56
2024-07-11,17.25,89.50,15.51,2.75,1.56,1.74,23.50,193,7.00,-0.18,-0.98,6.67
2024-07-12,15.00,96.00,14.37,3.00,0.51,0.63,15.00,194,0.92,-0.20,-0.98,7.00
2024-07-13,14.00,98.00,13.69,4.00,0.24,0.31,18.25,195,2.60,-0.21,-0.98,0.92
2024-07-14,14.00,97.00,13.53,0.00,0.37,0.47,22.50,196,7.15,-0.23,-0.97,2.60
2024-07-15,16.50,95.00,15.70,0.00,0.74,0.80,25.25,197,9.22,-0.25,-0.97,7.15
2024-07-16,18.00,86.50,15.71,3.50,2.07,2.29,22.00,198,5.10,-0.26,-0.96,9.22
2024-07-17,17.50,92.00,16.18,1.50,1.20,1.32,25.25,199,7.71,-0.28,-0.96,5.10
2024-07-18,17.00,98.25,16.72,0.00,0.26,0.28,29.25,200,13.12,-0.30,-0.95,7.71
2024-07-19,20.00,87.00,17.77,0.00,2.26,2.23,29.50,201,10.87,-0.31,-0.95,13.12
2024-07-20,21.25,87.50,19.09,0.00,2.35,2.16,30.00,202,12.28,-0.33,-0.94,10.87
2024-07-21,20.75,98.25,20.46,0.00,0.32,0.29,23.25,203,1.93,-0.35,-0.94,12.28
2024-07-22,17.00,92.00,15.69,1.00,1.18,1.31,24.75,204,7.33,-0.36,-0.93,1.93
2024-07-23,18.00,97.00,17.52,1.00,0.46,0.48,21.75,205,1.86,-0.38,-0.93,7.33
2024-07-24,17.00,92.75,15.82,2.00,1.07,1.18,23.00,206,7.30,-0.39,-0.92,1.86
2024-07-25,16.00,96.00,15.36,0.00,0.55,0.64,24.50,207,6.39,-0.41,-0.91,7.30
2024-07-26,18.75,98.00,18.43,2.00,0.32,0.32,25.00,208,7.21,-0.43,-0.91,6.39
2024-07-27,16.50,98.25,16.22,0.00,0.26,0.28,24.00,209,6.80,-0.44,-0.90,7.21
2024-07-28,16.50,97.00,16.02,1.50,0.43,0.48,26.75,210,10.48,-0.46,-0.89,6.80
2024-07-29,17.50,90.00,15.84,2.00,1.54,1.66,27.00,211,10.75,-0.47,-0.88,10.48
2024-07-30,19.50,89.75,17.77,0.00,1.77,1.73,31.25,212,13.72,-0.49,-0.87,10.75
2024-07-31,17.50,88.75,15.62,1.50,1.68,1.88,28.25,213,9.58,-0.50,-0.87,13.72
2024-08-01,18.00,91.25,16.55,1.00,1.34,1.45,21.50,214,2.69,-0.52,-0.86,9.58
2024-08-02,16.00,96.75,15.48,0.50,0.45,0.52,27.00,215,9.41,-0.53,-0.85,2.69
2024-08-03,18.75,98.75,18.55,1.50,0.20,0.20,25.00,216,5.14,-0.55,-0.84,9.41
2024-08-04,16.50,96.25,15.90,1.00,0.53,0.60,22.00,217,5.77,-0.56,-0.83,5.14
2024-08-05,18.25,86.25,15.91,0.50,2.17,2.34,27.00,218,9.91,-0.57,-0.82,5.77
2024-08-06,17.50,97.50,17.10,0.00,0.39,0.40,30.00,219,13.50,-0.59,-0.81,9.91
2024-08-07,19.00,98.00,18.68,0.00,0.33,0.32,25.00,220,9.32,-0.60,-0.80,13.50
2024-08-08,17.50,91.50,16.10,2.00,1.27,1.40,25.25,221,8.65,-0.62,-0.79,9.32
2024-08-09,21.00,86.00,18.57,4.00,2.56,2.43,25.00,222,7.42,-0.63,-0.78,8.65
2024-08-10,16.00,97.50,15.60,1.00,0.34,0.40,26.25,223,9.58,-0.64,-0.77,7.42
2024-08-11,18.50,94.25,17.56,0.00,0.95,0.94,29.00,224,12.85,-0.66,-0.76,9.58
2024-08-12,19.00,84.75,16.37,2.75,2.50,2.63,30.00,225,10.01,-0.67,-0.74,12.85
2024-08-13,21.25,98.00,20.92,0.00,0.37,0.33,31.00,226,8.96,-0.68,-0.73,10.01
2024-08-14,19.75,98.75,19.55,0.00,0.21,0.20,26.75,227,4.95,-0.69,-0.72,8.96
2024-08-15,18.00,98.25,17.72,2.00,0.27,0.28,27.00,228,7.72,-0.71,-0.71,4.95
2024-08-16,20.00,89.25,18.17,1.50,1.86,1.83,21.25,229,1.35,-0.72,-0.70,7.72
2024-08-17,16.75,98.50,16.51,0.00,0.21,0.24,26.00,230,10.53,-0.73,-0.68,1.35
2024-08-18,16.50,97.00,16.02,0.00,0.42,0.48,24.75,231,8.19,-0.74,-0.67,10.53
2024-08-19,13.25,99.75,13.21,0.00,0.03,0.04,24.00,232,7.89,-0.75,-0.66,8.19
2024-08-20,15.75,97.75,15.39,0.50,0.31,0.36,25.00,233,6.85,-0.76,-0.65,7.89
2024-08-21,13.50,97.25,13.07,2.00,0.32,0.43,20.75,234,6.32,-0.77,-0.63,6.85
2024-08-22,13.50,92.00,12.22,2.00,0.94,1.28,23.75,235,7.89,-0.79,-0.62,6.32
2024-08-27,13.25,99.75,13.21,0.00,0.03,0.04,26.00,240,10.47,-0.84,-0.55,7.89
2024-08-28,15.50,98.50,15.26,0.50,0.21,0.24,29.00,241,10.49,-0.85,-0.53,10.47
2024-08-29,17.50,100.00,17.50,0.00,0.00,0.00,27.25,242,8.32,-0.85,-0.52,10.49
2024-08-30,16.00,99.00,15.84,0.00,0.14,0.16,21.00,243,5.22,-0.86,-0.50,8.32
2024-08-31,15.50,89.25,13.74,3.00,1.42,1.76,23.00,244,5.65,-0.87,-0.49,5.22
2024-09-01,17.00,87.75,14.95,3.00,1.78,2.05,29.00,245,8.12,-0.88,-0.47,5.65
2024-09-02,19.00,98.00,18.68,0.00,0.33,0.32,30.50,246,10.37,-0.89,-0.46,8.12
2024-09-03,19.00,99.75,18.96,0.00,0.04,0.04,24.00,247,3.75,-0.90,-0.44,10.37
2024-09-04,18.00,99.00,17.84,0.00,0.15,0.16,21.75,248,3.35,-0.90,-0.43,3.75
2024-09-05,17.50,99.25,17.38,3.00,0.11,0.12,28.00,249,7.41,-0.91,-0.41,3.35
2024-09-06,19.00,79.50,15.37,2.50,3.34,3.63,26.75,250,8.12,-0.92,-0.40,7.41
2024-09-07,17.00,99.00,16.84,0.00,0.14,0.16,26.50,251,6.58,-0.92,-0.38,8.12
2024-09-08,18.00,95.75,17.31,2.00,0.65,0.69,23.00,252,6.95,-0.93,-0.37,6.58
2024-09-09,14.75,99.00,14.59,0.00,0.13,0.16,21.50,253,3.89,-0.94,-0.35,6.95
2024-09-10,13.25,95.50,12.55,3.00,0.52,0.70,17.00,254,2.89,-0.94,-0.33,3.89
2024-09-11,10.25,99.25,10.14,1.75,0.07,0.11,16.00,255,3.48,-0.95,-0.32,2.89
2024-09-12,7.50,99.75,7.46,0.00,0.02,0.04,16.75,256,4.14,-0.95,-0.30,3.48
2024-09-13,7.25,100.00,7.25,0.00,0.00,0.00,18.00,257,5.34,-0.96,-0.28,4.14
2024-09-14,6.25,99.75,6.21,0.00,0.02,0.04,18.50,258,5.94,-0.96,-0.27,5.34
2024-09-15,7.25,99.75,7.21,0.00,0.02,0.04,20.00,259,4.28,-0.97,-0.25,5.94
2024-09-16,11.50,100.00,11.50,0.00,0.00,-0.00,20.50,260,3.22,-0.97,-0.23,4.28
2024-09-17,14.25,99.25,14.13,0.50,0.09,0.12,21.00,261,4.49,-0.98,-0.22,3.22
2024-09-18,13.00,99.00,12.85,2.00,0.11,0.15,22.00,262,3.98,-0.98,-0.20,4.49
2024-09-19,14.25,99.00,14.09,2.00,0.12,0.16,23.00,263,4.62,-0.98,-0.18,3.98
2024-09-20,14.00,97.75,13.65,2.50,0.27,0.35,23.00,264,6.94,-0.99,-0.17,4.62
2024-09-21,11.25,98.75,11.06,0.00,0.13,0.19,24.00,265,7.23,-0.99,-0.15,6.94
2024-09-22,12.25,99.25,12.14,0.00,0.08,0.11,24.00,266,6.26,-0.99,-0.13,7.23
2024-09-23,15.50,97.75,15.15,0.00,0.30,0.35,22.00,267,4.71,-0.99,-0.12,6.26
2024-09-24,12.00,98.75,11.81,0.00,0.13,0.19,20.25,268,4.08,-1.00,-0.10,4.71
2024-09-25,14.00,96.50,13.45,3.50,0.42,0.55,18.25,269,2.50,-1.00,-0.08,4.08
2024-09-26,15.00,99.00,14.84,3.50,0.13,0.16,20.25,270,3.38,-1.00,-0.06,2.50
2024-09-27,12.25,89.00,10.49,4.50,1.19,1.76,14.25,271,2.36,-1.00,-0.05,3.38
2024-09-28,8.00,99.00,7.85,0.00,0.08,0.15,14.25,272,2.91,-1.00,-0.03,2.36
2024-09-29,4.75,99.25,4.64,0.00,0.05,0.11,14.75,273,3.09,-1.00,-0.01,2.91
2024-09-30,8.00,95.00,7.25,2.00,0.42,0.75,13.75,274,1.71,-1.00,0.00,3.09
2024-10-01,12.00,99.00,11.85,2.00,0.11,0.15,14.00,275,0.72,-1.00,0.02,1.71
2024-10-02,11.25,99.00,11.10,2.00,0.10,0.15,11.50,276,0.40,-1.00,0.04,0.72
2024-10-03,5.00,99.25,4.89,0.00,0.05,0.11,15.00,277,3.98,-1.00,0.06,0.40
2024-10-04,2.25,99.25,2.14,0.00,0.04,0.11,16.00,278,4.43,-1.00,0.07,3.98
2024-10-05,2.25,99.25,2.14,0.00,0.04,0.11,15.25,279,4.07,-1.00,0.09,4.43
2024-10-06,5.25,99.25,5.14,0.00,0.05,0.11,15.75,280,3.32,-0.99,0.11,4.07
2024-10-07,13.50,98.00,13.19,2.00,0.23,0.31,19.25,281,4.20,-0.99,0.12,3.32
2024-10-08,15.00,98.00,14.69,2.00,0.26,0.31,18.75,282,2.86,-0.99,0.14,4.20
2024-10-09,13.50,96.50,12.95,2.00,0.41,0.55,16.00,283,1.36,-0.99,0.16,2.86
2024-10-10,12.00,99.00,11.85,3.00,0.11,0.15,14.75,284,2.67,-0.98,0.18,1.36
2024-10-11,4.50,99.00,4.36,0.00,0.07,0.14,13.75,285,3.09,-0.98,0.19,2.67
2024-10-12,4.50,99.50,4.43,0.00,0.03,0.07,12.00,286,1.18,-0.98,0.21,3.09
2024-10-13,8.00,96.50,7.48,3.50,0.29,0.52,12.00,287,1.55,-0.97,0.23,1.18
2024-10-14,6.00,99.00,5.85,0.00,0.07,0.15,11.00,288,1.10,-0.97,0.24,1.55
2024-10-15,4.00,99.50,3.93,0.00,0.03,0.07,14.00,289,1.63,-0.97,0.26,1.10
2024-10-16,10.25,97.25,9.83,3.00,0.26,0.42,19.00,290,2.61,-0.96,0.28,1.63
2024-10-17,16.00,96.00,15.36,2.00,0.55,0.64,19.00,291,1.47,-0.96,0.29,2.61
2024-10-18,14.00,100.00,14.00,0.00,-0.00,0.00,17.00,292,0.29,-0.95,0.31,1.47
2024-10-19,13.75,99.25,13.63,0.00,0.09,0.12,16.00,293,1.19,-0.95,0.33,0.29
2024-10-20,13.00,96.00,12.38,0.00,0.45,0.62,17.00,294,2.28,-0.94,0.34,1.19
2024-10-21,14.00,97.00,13.53,1.50,0.36,0.47,15.00,295,0.74,-0.93,0.36,2.28
2024-10-22,9.00,100.00,9.00,0.50,0.00,0.00,16.50,296,2.69,-0.93,0.37,0.74
2024-10-23,8.75,100.00,8.75,0.00,0.00,0.00,13.00,297,0.37,-0.92,0.39,2.69
2024-10-24,6.25,100.00,6.25,2.00,0.00,0.00,15.00,298,1.86,-0.91,0.41,0.37
2024-10-25,11.25,99.50,11.17,0.00,0.05,0.08,19.00,299,2.04,-0.91,0.42,1.86
2024-10-26,10.00,100.00,10.00,0.00,0.00,0.00,19.00,300,1.67,-0.90,0.44,2.04
2024-10-27,12.00,100.00,12.00,0.00,0.00,0.00,17.75,301,3.52,-0.89,0.45,1.67
2024-10-28,9.00,100.00,9.00,2.00,0.00,0.00,14.00,302,0.81,-0.88,0.47,3.52
2024-10-29,13.00,100.00,13.00,2.00,0.00,0.00,13.50,303,0.00,-0.88,0.48,0.81
2024-10-30,12.00,100.00,12.00,0.00,0.00,0.00,14.00,304,0.30,-0.87,0.50,0.00
2024-10-31,12.00,100.00,12.00,0.00,0.00,0.00,15.00,305,1.89,-0.86,0.51,0.30
2024-11-01,8.00,100.00,8.00,2.00,0.00,-0.00,11.00,306,0.10,-0.85,0.53,1.89
2024-11-02,10.00,100.00,10.00,0.00,0.00,0.00,12.25,307,1.68,-0.84,0.54,0.10
2024-11-03,2.25,99.50,2.18,0.00,0.03,0.07,12.25,308,1.46,-0.83,0.56,1.68
2024-11-04,2.25,100.00,2.25,0.00,0.00,0.00,13.00,309,1.81,-0.82,0.57,1.46
2024-11-05,2.50,99.75,2.46,0.00,0.01,0.04,12.00,310,1.60,-0.81,0.58,1.81
2024-11-06,7.00,100.00,7.00,0.00,0.00,0.00,8.00,311,0.21,-0.80,0.60,1.60
2024-11-07,4.00,99.00,3.86,2.00,0.06,0.14,4.00,312,0.05,-0.79,0.61,0.21
2024-11-08,5.00,98.00,4.71,3.00,0.14,0.29,5.00,313,0.32,-0.78,0.63,0.05
2024-11-09,5.00,99.00,4.86,0.00,0.07,0.14,8.00,314,0.25,-0.77,0.64,0.32
2024-11-10,7.75,100.00,7.75,0.00,0.00,-0.00,11.75,315,0.76,-0.76,0.65,0.25
2024-11-11,9.00,100.00,9.00,0.00,0.00,0.00,12.50,316,1.98,-0.75,0.66,0.76
2024-11-12,8.00,98.50,7.78,2.00,0.12,0.22,9.50,317,1.12,-0.74,0.68,1.98
2024-11-13,4.00,100.00,4.00,0.00,0.00,0.00,11.00,318,0.39,-0.72,0.69,1.12
2024-11-14,9.00,99.25,8.89,0.50,0.07,0.11,11.00,319,1.00,-0.71,0.70,0.39
2024-11-15,7.00,100.00,7.00,0.00,0.00,0.00,10.00,320,0.48,-0.70,0.71,1.00
2024-11-16,7.00,91.25,5.67,5.00,0.68,1.33,9.00,321,0.88,-0.69,0.73,0.48
2024-11-17,7.00,95.75,6.37,4.25,0.33,0.63,9.25,322,1.86,-0.67,0.74,0.88
2024-11-18,3.00,98.50,2.79,0.00,0.09,0.21,8.00,323,0.97,-0.66,0.75,1.86
2024-11-19,6.00,100.00,6.00,2.25,0.00,0.00,4.75,324,0.07,-0.65,0.76,0.97
2024-11-20,2.00,99.00,1.86,3.50,0.06,0.14,3.00,325,0.59,-0.64,0.77,0.07
2024-11-21,1.00,96.00,0.43,6.75,0.21,0.57,3.00,326,0.46,-0.62,0.78,0.59
2024-11-22,1.00,98.00,0.72,4.00,0.10,0.28,4.00,327,0.22,-0.61,0.79,0.46
2024-11-23,1.25,99.00,1.11,3.00,0.05,0.14,6.50,328,1.77,-0.59,0.80,0.22
2024-11-24,12.00,81.25,8.88,8.50,2.00,3.12,16.75,329,4.35,-0.58,0.81,1.77
2024-11-25,16.00,71.25,10.79,7.00,3.92,5.21,15.50,330,2.35,-0.57,0.82,4.35
2024-11-27,7.00,98.50,6.78,5.75,0.12,0.22,11.00,332,0.57,-0.54,0.84,2.35
2024-11-28,2.75,97.75,2.43,1.50,0.13,0.32,9.25,333,1.37,-0.52,0.85,0.57
2024-11-29,0.00,98.50,-0.21,0.00,0.07,0.21,8.00,334,1.55,-0.51,0.86,1.37
2024-11-30,1.00,97.00,0.58,2.50,0.16,0.42,7.00,335,1.51,-0.49,0.87,1.55
2024-12-01,0.75,94.25,-0.07,0.50,0.29,0.82,7.00,336,1.96,-0.48,0.88,1.51
2024-12-02,10.00,99.00,9.85,5.50,0.09,0.15,11.00,337,0.60,-0.46,0.89,1.96
2024-12-03,5.25,97.25,4.85,2.75,0.19,0.40,7.75,338,1.38,-0.45,0.89,0.60
2024-12-04,0.25,100.00,0.25,0.00,0.00,0.00,5.00,339,0.25,-0.43,0.90,1.38
2024-12-05,5.00,94.50,4.19,8.50,0.37,0.81,7.00,340,0.47,-0.42,0.91,0.25
2024-12-06,8.00,92.50,6.86,13.00,0.62,1.14,9.00,341,1.07,-0.40,0.92,0.47
2024-12-07,8.00,97.75,7.67,8.50,0.19,0.33,11.00,342,1.68,-0.39,0.92,1.07
2024-12-08,6.00,98.00,5.71,6.50,0.15,0.29,7.00,343,0.68,-0.37,0.93,1.68
2024-12-09,5.25,92.75,4.17,7.00,0.50,1.08,6.00,344,0.56,-0.35,0.94,0.68
2024-12-10,5.00,92.75,3.92,9.25,0.49,1.08,5.00,345,0.76,-0.34,0.94,0.56
2024-12-11,4.00,95.00,3.27,4.00,0.32,0.73,4.00,346,0.36,-0.32,0.95,0.76
2024-12-12,2.25,99.00,2.11,2.00,0.06,0.14,4.00,347,0.06,-0.30,0.95,0.36
2024-12-13,2.00,96.75,1.54,4.50,0.18,0.46,2.00,348,0.36,-0.29,0.96,0.06
2024-12-14,2.00,98.75,1.82,6.00,0.07,0.18,5.00,349,0.20,-0.27,0.96,0.36
2024-12-15,5.00,99.00,4.86,5.50,0.07,0.14,9.00,350,0.19,-0.26,0.97,0.20
2024-12-16,10.00,98.25,9.74,7.00,0.16,0.26,9.75,351,0.48,-0.24,0.97,0.19
2024-12-17,8.00,98.75,7.81,5.00,0.10,0.19,9.00,352,0.53,-0.22,0.98,0.48
2024-12-19,12.00,91.00,10.58,10.00,0.96,1.42,7.25,354,0.31,-0.19,0.98,0.53
2024-12-20,3.00,97.00,2.57,1.75,0.18,0.43,6.75,355,0.80,-0.17,0.99,0.31
2024-12-21,7.00,98.00,6.71,7.00,0.15,0.29,8.00,356,0.54,-0.15,0.99,0.80
2024-12-22,5.00,93.50,4.04,6.50,0.44,0.96,5.75,357,0.78,-0.14,0.99,0.54
2024-12-23,5.25,89.75,3.70,6.75,0.71,1.55,8.00,358,1.47,-0.12,0.99,0.78
2024-12-24,3.00,99.00,2.86,2.00,0.06,0.14,6.00,359,0.07,-0.10,0.99,1.47
2024-12-25,8.00,100.00,8.00,2.50,0.00,-0.00,9.25,360,0.00,-0.09,1.00,0.07
2024-12-26,7.00,100.00,7.00,1.00,0.00,0.00,7.00,361,0.00,-0.07,1.00,0.00
2024-12-27,2.00,100.00,2.00,2.50,0.00,0.00,3.00,362,0.00,-0.05,1.00,0.00
2024-12-28,0.00,100.00,0.00,2.25,0.00,0.00,1.00,363,0.00,-0.03,1.00,0.00
2024-12-29,2.00,100.00,2.00,4.00,0.00,0.00,4.00,364,0.00,-0.02,1.00,0.00
2024-12-30,5.00,100.00,5.00,5.50,-0.00,0.00,7.00,365,0.21,0.00,1.00,0.00
2024-12-31,2.00,98.00,1.72,9.50,0.11,0.28,4.00,366,0.25,0.02,1.00,0.21
2025-01-01,7.75,89.75,6.17,12.50,0.83,1.58,9.75,1,1.08,0.02,1.00,0.25
2025-01-02,0.50,99.25,0.40,0.50,0.04,0.10,6.50,2,0.97,0.03,1.00,1.08
2025-01-03,1.00,96.25,0.47,6.00,0.19,0.53,3.00,3,0.94,0.05,1.00,0.97
2025-01-04,2.00,99.00,1.86,3.50,0.06,0.14,3.00,4,0.28,0.07,1.00,0.94
2025-01-05,0.00,99.00,-0.14,8.50,0.05,0.14,11.00,5,0.05,0.09,1.00,0.28
2025-01-06,11.00,90.00,9.42,10.50,1.00,1.58,12.00,6,1.29,0.10,0.99,0.05
2025-01-07,3.00,95.00,2.28,6.50,0.30,0.72,5.00,7,0.97,0.12,0.99,1.29
2025-01-08,1.00,96.75,0.54,6.25,0.17,0.46,4.00,8,0.45,0.14,0.99,0.97
2025-01-09,1.00,99.00,0.86,1.00,0.05,0.14,5.00,9,0.58,0.15,0.99,0.45
2025-01-10,1.00,98.75,0.83,5.25,0.06,0.17,5.00,10,1.17,0.17,0.99,0.58
2025-01-11,-2.25,99.00,-2.39,0.00,0.04,0.14,0.25,11,0.01,0.19,0.98,1.17
2025-01-12,0.00,100.00,0.00,0.00,0.00,0.00,5.00,12,0.63,0.21,0.98,0.01
2025-01-13,-1.50,99.50,-1.57,0.00,0.02,0.07,5.00,13,1.38,0.22,0.98,0.63
2025-01-14,-1.75,94.50,-2.52,3.50,0.24,0.77,4.00,14,0.57,0.24,0.97,1.38
2025-01-15,5.75,100.00,5.75,0.00,-0.00,0.00,7.00,15,0.00,0.26,0.97,0.57
2025-01-16,3.00,100.00,3.00,2.75,0.00,0.00,3.00,16,0.00,0.27,0.96,0.00
2025-01-17,-1.00,100.00,-1.00,1.50,0.00,0.00,-1.00,17,0.00,0.29,0.96,0.00
2025-01-18,-1.50,100.00,-1.50,3.50,0.00,-0.00,-1.00,18,0.00,0.30,0.95,0.00
2025-01-19,-1.00,100.00,-1.00,2.00,0.00,0.00,-0.25,19,0.00,0.32,0.95,0.00
2025-01-20,-2.00,100.00,-2.00,2.00,0.00,0.00,0.00,20,0.05,0.34,0.94,0.00
2025-01-21,-1.00,99.00,-1.14,3.75,0.05,0.14,0.00,21,0.03,0.35,0.94,0.05
2025-01-22,-1.00,100.00,-1.00,2.00,0.00,0.00,4.00,22,0.29,0.37,0.93,0.03
2025-01-23,4.00,99.75,3.96,5.50,0.02,0.04,6.00,23,0.76,0.39,0.92,0.29
2025-01-24,7.00,95.00,6.25,9.00,0.39,0.75,9.00,24,0.76,0.40,0.92,0.76
2025-01-25,5.00,99.25,4.89,0.00,0.05,0.11,7.00,25,0.28,0.42,0.91,0.76
2025-01-26,2.00,98.00,1.72,1.00,0.11,0.28,4.50,26,0.62,0.43,0.90,0.28
2025-01-27,8.50,94.25,7.63,7.50,0.49,0.87,12.00,27,3.07,0.45,0.89,0.62
2025-01-28,7.50,87.00,5.47,9.00,1.04,2.03,9.00,28,1.61,0.46,0.89,3.07
2025-01-29,6.00,96.00,5.41,9.00,0.29,0.59,8.25,29,0.87,0.48,0.88,1.61
2025-01-30,5.00,99.00,4.86,0.00,0.07,0.14,6.00,30,0.31,0.49,0.87,0.87
2025-01-31,0.00,98.50,-0.21,0.00,0.07,0.21,6.75,31,0.88,0.51,0.86,0.31
2025-02-01,-3.00,99.00,-3.14,0.00,0.04,0.14,7.00,32,1.93,0.52,0.85,0.88
2025-02-02,-3.75,98.25,-3.99,0.00,0.07,0.24,5.00,33,1.46,0.54,0.84,1.93
2025-02-03,-5.25,98.75,-5.42,0.00,0.04,0.17,7.00,34,1.43,0.55,0.83,1.46
2025-02-04,1.00,98.00,0.72,4.50,0.10,0.28,4.00,35,0.37,0.57,0.82,1.43
2025-02-05,4.00,99.75,3.96,3.00,0.02,0.04,6.00,36,0.45,0.58,0.81,0.37
2025-02-06,3.00,100.00,3.00,3.00,0.00,0.00,7.25,37,1.14,0.59,0.80,0.45
2025-02-07,3.00,88.25,1.25,13.75,0.70,1.75,4.25,38,1.25,0.61,0.79,1.14
2025-02-08,2.00,90.00,0.53,6.50,0.56,1.47,6.00,39,1.07,0.62,0.78,1.25
2025-02-09,1.00,95.00,0.29,1.25,0.26,0.71,5.00,40,1.04,0.64,0.77,1.07
2025-02-10,0.50,93.00,-0.50,6.50,0.35,1.00,3.00,41,0.67,0.65,0.76,1.04
2025-02-11,3.00,96.00,2.42,7.50,0.24,0.58,4.00,42,0.29,0.66,0.75,0.67
2025-02-12,3.00,97.75,2.68,0.00,0.13,0.32,5.00,43,0.39,0.67,0.74,0.29
2025-02-13,0.00,98.00,-0.28,5.75,0.10,0.28,0.50,44,0.38,0.69,0.73,0.39
2025-02-14,-1.75,99.00,-1.89,0.00,0.04,0.14,3.75,45,1.13,0.70,0.71,0.38
2025-02-15,0.00,97.50,-0.35,0.00,0.12,0.35,3.25,46,1.71,0.71,0.70,1.13
2025-02-16,-1.00,88.75,-2.62,6.00,0.51,1.62,4.00,47,1.83,0.72,0.69,1.71
2025-02-17,-4.50,96.75,-4.94,2.00,0.12,0.44,3.00,48,1.61,0.74,0.68,1.83
2025-02-18,-4.75,89.75,-6.18,4.00,0.36,1.43,2.50,49,1.98,0.75,0.66,1.61
2025-02-19,-2.50,80.00,-5.48,5.50,0.82,2.98,6.00,50,3.77,0.76,0.65,1.98
2025-02-20,3.25,87.75,1.41,5.00,0.74,1.84,12.00,51,1.89,0.77,0.64,3.77
2025-02-21,10.00,95.50,9.31,4.50,0.42,0.69,18.00,52,4.57,0.78,0.63,1.89
2025-02-22,9.00,94.75,8.20,5.25,0.46,0.80,11.75,53,0.58,0.79,0.61,4.57
2025-02-23,8.00,97.00,7.55,3.00,0.25,0.45,14.75,54,3.21,0.80,0.60,0.58
2025-02-24,12.00,81.25,8.88,9.50,2.00,3.12,13.00,55,2.30,0.81,0.58,3.21
2025-02-25,7.00,98.50,6.78,5.50,0.12,0.22,12.75,56,1.89,0.82,0.57,2.30
2025-02-26,4.00,98.25,3.75,0.00,0.11,0.25,11.00,57,2.89,0.83,0.56,1.89
2025-02-27,5.00,97.00,4.56,6.50,0.20,0.44,8.00,58,1.21,0.84,0.54,2.89
2025-02-28,5.00,96.00,4.41,6.25,0.27,0.59,8.25,59,1.71,0.85,0.53,1.21
2025-03-01,2.25,99.00,2.11,1.00,0.06,0.14,5.00,60,0.92,0.86,0.51,1.71
2025-03-02,-0.25,100.00,-0.25,0.00,0.00,0.00,9.00,61,2.87,0.87,0.50,0.92
2025-03-03,-2.25,99.25,-2.35,0.00,0.03,0.10,11.75,62,4.25,0.88,0.48,2.87
2025-03-04,-2.50,99.75,-2.53,0.00,0.01,0.03,12.50,63,5.09,0.88,0.47,4.25
2025-03-05,0.50,97.75,0.19,0.50,0.11,0.31,16.75,64,7.31,0.89,0.45,5.09
2025-03-06,1.50,99.00,1.36,0.00,0.06,0.14,18.00,65,8.18,0.90,0.44,7.31
2025-03-07,4.25,91.25,2.95,0.00,0.58,1.30,18.00,66,6.68,0.91,0.42,8.18
2025-03-08,5.50,89.75,3.95,1.50,0.76,1.55,19.00,67,10.23,0.91,0.41,6.68
2025-03-09,6.00,85.25,3.71,1.25,1.10,2.29,17.50,68,6.83,0.92,0.39,10.23
2025-03-10,2.75,98.75,2.57,0.50,0.07,0.18,17.25,69,8.60,0.93,0.37,6.83
2025-03-11,5.50,97.50,5.14,5.25,0.18,0.36,8.25,70,2.65,0.93,0.36,8.60
2025-03-12,2.75,98.75,2.57,1.50,0.07,0.18,8.50,71,2.49,0.94,0.34,2.65
2025-03-13,-0.50,100.00,-0.50,0.00,0.00,-0.00,6.75,72,1.62,0.95,0.33,2.49
2025-03-14,-1.75,99.00,-1.89,1.00,0.04,0.14,6.00,73,2.12,0.95,0.31,1.62
2025-03-15,1.75,87.50,-0.10,5.50,0.69,1.85,7.25,74,2.68,0.96,0.29,2.12
2025-03-16,1.75,92.00,0.59,5.00,0.44,1.16,10.75,75,5.43,0.96,0.28,2.68
2025-03-20,6.25,86.50,4.16,1.25,1.05,2.09,19.00,79,8.03,0.98,0.21,5.43
2025-03-21,9.25,81.50,6.24,5.00,1.67,3.01,22.25,80,11.28,0.98,0.19,8.03
2025-03-22,12.00,71.00,6.90,7.00,3.09,5.10,18.00,81,6.99,0.98,0.18,11.28
2025-03-23,11.25,93.50,10.24,3.00,0.66,1.01,17.00,82,4.38,0.99,0.16,6.99
2025-03-24,9.00,100.00,9.00,3.75,0.00,0.00,17.00,83,4.05,0.99,0.14,4.38
2025-03-25,7.00,90.00,5.47,4.00,0.77,1.53,13.25,84,3.11,0.99,0.12,4.05
2025-03-26,8.00,92.25,6.82,4.00,0.64,1.18,11.00,85,2.33,0.99,0.11,3.11
2025-03-27,4.50,100.00,4.50,0.50,-0.00,0.00,16.75,86,6.74,1.00,0.09,2.33
2025-03-28,5.50,98.25,5.25,1.75,0.13,0.25,12.25,87,2.63,1.00,0.07,6.74
2025-03-29,7.25,94.25,6.39,5.00,0.46,0.86,13.75,88,4.43,1.00,0.06,2.63
2025-03-30,8.50,96.75,8.01,10.25,0.28,0.49,13.00,89,3.43,1.00,0.04,4.43
2025-03-31,7.25,84.50,4.81,4.50,1.22,2.44,13.25,90,4.20,1.00,0.02,3.43
2025-04-01,2.25,99.50,2.18,4.50,0.03,0.07,14.25,91,6.06,1.00,0.00,4.20
2025-04-02,6.75,82.25,3.93,5.50,1.36,2.82,17.50,92,7.63,1.00,-0.01,6.06
2025-04-03,10.00,77.00,6.15,5.00,2.17,3.85,21.00,93,10.44,1.00,-0.03,7.63
2025-04-04,7.00,86.25,4.86,1.00,1.14,2.14,22.00,94,11.60,1.00,-0.05,10.44
2025-04-05,7.00,87.75,5.11,5.50,0.96,1.89,17.00,95,7.91,1.00,-0.06,11.60
2025-04-06,4.50,64.75,-1.57,8.50,2.32,6.07,12.00,96,6.23,1.00,-0.08,7.91
2025-04-07,2.75,96.75,2.28,1.50,0.19,0.47,14.00,97,6.66,1.00,-0.10,6.23
2025-04-08,4.50,88.75,2.80,3.50,0.75,1.70,16.00,98,7.39,0.99,-0.12,6.66
2025-04-09,4.00,96.25,3.46,7.00,0.24,0.54,15.00,99,4.84,0.99,-0.13,7.39
2025-04-10,8.00,84.75,5.59,4.50,1.26,2.41,15.00,100,4.26,0.99,-0.15,4.84
2025-04-11,6.00,99.75,5.96,2.75,0.02,0.04,20.00,101,8.04,0.99,-0.17,4.26
2025-04-12,9.00,98.00,8.70,2.25,0.19,0.30,23.00,102,12.18,0.98,-0.18,8.04
2025-04-13,13.00,97.50,12.61,5.75,0.28,0.39,17.25,103,3.62,0.98,-0.20,12.18
2025-04-14,9.25,97.00,8.80,1.00,0.27,0.45,18.25,104,7.29,0.98,-0.22,3.62
2025-04-15,11.75,86.00,9.48,4.50,1.49,2.27,22.50,105,7.97,0.97,-0.23,7.29
2025-04-16,11.25,95.75,10.60,1.00,0.43,0.65,11.00,106,1.10,0.97,-0.25,7.97
2025-04-17,8.75,93.50,7.76,1.00,0.56,0.99,11.00,107,1.35,0.96,-0.27,1.10
2025-04-18,7.75,99.00,7.60,0.00,0.08,0.15,15.25,108,5.23,0.96,-0.28,1.35
2025-04-19,7.00,98.50,6.78,2.00,0.12,0.22,16.25,109,6.13,0.95,-0.30,5.23
2025-04-20,6.00,95.75,5.37,3.50,0.31,0.63,18.25,110,6.09,0.95,-0.32,6.13
2025-04-21,10.50,100.00,10.50,0.00,0.00,-0.00,16.50,111,3.54,0.94,-0.33,6.09
2025-04-22,11.00,96.00,10.39,2.75,0.40,0.61,18.00,112,5.49,0.94,-0.35,3.54
2025-04-23,10.75,98.75,10.56,2.25,0.12,0.19,15.75,113,2.45,0.93,-0.37,5.49
2025-04-24,11.00,100.00,11.00,3.00,0.00,0.00,13.00,114,0.24,0.92,-0.38,2.45
2025-04-25,7.25,98.00,6.95,5.00,0.16,0.30,11.50,115,1.34,0.92,-0.40,0.24
2025-04-26,7.25,100.00,7.25,3.50,0.00,0.00,19.00,116,6.95,0.91,-0.41,1.34
2025-04-27,11.25,82.50,8.38,3.00,1.79,2.87,22.00,117,10.19,0.90,-0.43,6.95
2025-04-28,10.00,94.75,9.20,0.50,0.51,0.80,23.00,118,10.38,0.90,-0.44,10.19
2025-04-30,14.50,93.00,13.38,1.00,0.90,1.12,26.25,120,14.19,0.88,-0.47,10.38
2025-05-01,14.50,93.50,13.46,0.00,0.84,1.04,30.25,121,19.06,0.87,-0.49,14.19
2025-05-02,15.50,93.50,14.45,0.00,0.91,1.05,27.00,122,11.20,0.86,-0.50,19.06
2025-05-03,11.75,84.50,9.22,1.00,1.63,2.53,20.50,123,7.57,0.85,-0.52,11.20
2025-05-04,10.25,87.25,8.22,2.50,1.22,2.03,13.75,124,4.13,0.85,-0.53,7.57
2025-05-05,7.50,90.00,5.96,1.50,0.82,1.54,15.50,125,6.22,0.84,-0.55,4.13
2025-05-06,8.50,84.25,5.99,1.50,1.37,2.51,15.25,126,5.55,0.83,-0.56,6.22
2025-05-07,8.75,88.75,6.99,1.50,0.98,1.76,17.75,127,7.15,0.82,-0.58,5.55
2025-05-08,7.50,99.75,7.46,0.00,0.02,0.04,19.00,128,8.68,0.81,-0.59,7.15
2025-05-09,11.25,74.25,6.83,0.50,2.68,4.42,20.25,129,10.35,0.80,-0.61,8.68
2025-05-10,13.00,76.00,8.87,2.00,2.76,4.13,23.00,130,12.23,0.79,-0.62,10.35
2025-05-11,15.25,75.25,10.89,2.25,3.24,4.36,25.25,131,13.72,0.77,-0.63,12.23
2025-05-12,16.25,68.50,10.44,2.75,4.38,5.81,24.00,132,13.11,0.76,-0.65,13.72
2025-05-13,15.25,62.75,8.19,2.50,4.88,7.06,23.25,133,13.35,0.75,-0.66,13.11
2025-05-14,12.50,85.75,10.18,0.00,1.59,2.32,23.00,134,10.79,0.74,-0.67,13.35
2025-05-15,12.25,89.25,10.53,2.00,1.18,1.72,21.00,135,11.45,0.73,-0.68,10.79
2025-05-16,10.50,92.75,9.37,1.00,0.74,1.13,20.75,136,7.50,0.72,-0.70,11.45
2025-05-17,11.25,96.75,10.75,0.50,0.34,0.50,21.75,137,9.87,0.71,-0.71,7.50
2025-05-18,12.00,87.50,9.99,2.00,1.33,2.01,19.25,138,5.87,0.69,-0.72,9.87
2025-05-19,11.00,96.75,10.50,0.00,0.36,0.50,23.00,139,11.41,0.68,-0.73,5.87
2025-05-20,14.25,80.75,10.99,0.00,2.42,3.26,24.75,140,13.06,0.67,-0.74,11.41
2025-05-21,11.50,99.50,11.42,2.00,0.05,0.08,20.00,141,6.96,0.66,-0.76,13.06
2025-05-22,10.75,85.00,8.33,2.75,1.48,2.42,16.50,142,6.75,0.64,-0.77,6.96
2025-05-23,10.25,82.00,7.31,4.00,1.74,2.94,14.50,143,4.48,0.63,-0.78,6.75
2025-05-24,11.50,72.50,6.72,3.00,2.85,4.78,15.50,144,3.88,0.62,-0.79,4.48
2025-05-25,14.25,98.25,13.98,3.50,0.21,0.27,19.75,145,4.26,0.60,-0.80,3.88
2025-05-26,14.75,84.50,12.16,4.00,1.96,2.59,20.00,146,7.22,0.59,-0.81,4.26
2025-05-27,13.00,92.50,11.81,4.00,0.85,1.19,19.25,147,3.72,0.57,-0.82,7.22
2025-05-28,15.50,97.00,15.03,4.50,0.40,0.47,19.00,148,3.99,0.56,-0.83,3.72
2025-05-29,11.50,99.75,11.46,0.50,0.03,0.04,19.50,149,2.48,0.55,-0.84,3.99
2025-05-30,16.00,94.75,15.16,2.50,0.72,0.84,25.25,150,6.60,0.53,-0.85,2.48
2025-05-31,15.50,100.00,15.50,0.00,0.00,-0.00,28.50,151,12.45,0.52,-0.86,6.60
2025-06-01,16.00,92.75,14.83,3.00,0.99,1.17,21.00,152,5.79,0.50,-0.87,12.45
2025-06-02,13.25,91.00,11.81,2.25,1.04,1.44,21.00,153,7.60,0.49,-0.87,5.79
2025-06-03,14.25,92.00,12.97,1.00,1.02,1.28,24.00,154,10.82,0.47,-0.88,7.60
2025-06-04,17.00,82.25,13.95,3.00,2.57,3.05,19.25,155,4.41,0.46,-0.89,10.82
2025-06-05,12.00,96.75,11.50,0.00,0.35,0.50,18.25,156,2.80,0.44,-0.90,4.41
2025-06-06,14.50,93.50,13.46,5.00,0.81,1.04,19.75,157,5.16,0.43,-0.91,2.80
2025-06-07,12.00,97.50,11.62,0.50,0.27,0.38,17.00,158,3.33,0.41,-0.91,5.16
2025-06-08,12.50,99.75,12.46,2.50,0.03,0.04,15.25,159,2.62,0.39,-0.92,3.33
2025-06-09,12.50,98.25,12.23,2.00,0.20,0.27,21.00,160,6.32,0.38,-0.93,2.62
2025-06-10,13.25,87.50,11.22,3.00,1.44,2.03,18.75,161,3.57,0.36,-0.93,6.32
2025-06-11,12.50,99.50,12.42,0.00,0.06,0.08,21.00,162,7.05,0.35,-0.94,3.57
2025-06-12,15.50,84.50,12.90,4.00,2.05,2.60,27.00,163,13.00,0.33,-0.94,7.05
2025-06-13,20.75,81.25,17.42,1.50,3.42,3.33,32.00,164,15.28,0.31,-0.95,13.00
2025-06-14,22.75,82.75,19.66,1.75,3.51,3.09,31.00,165,11.44,0.30,-0.95,15.28
2025-06-15,17.00,84.25,14.32,2.00,2.28,2.68,24.25,166,8.99,0.28,-0.96,11.44
2025-06-16,16.00,99.50,15.92,0.00,0.07,0.08,26.50,167,10.83,0.26,-0.96,8.99
2025-06-17,16.00,99.50,15.92,0.00,0.07,0.08,29.00,168,13.57,0.25,-0.97,10.83
2025-06-18,17.75,94.75,16.90,0.50,0.83,0.85,29.25,169,13.82,0.23,-0.97,13.57
2025-06-19,17.50,86.75,15.27,1.50,2.02,2.23,25.75,170,10.33,0.21,-0.98,13.82
2025-06-20,17.00,72.75,12.07,2.75,3.95,4.93,26.00,171,13.27,0.20,-0.98,10.33
2025-06-21,18.25,82.75,15.26,2.00,2.71,2.99,31.75,172,21.24,0.18,-0.98,13.27
2025-06-22,23.25,66.75,16.72,1.50,6.96,6.53,31.00,173,13.79,0.16,-0.99,21.24
2025-06-23,18.00,85.75,15.58,5.25,2.19,2.42,21.25,174,8.36,0.15,-0.99,13.79
2025-06-24,16.00,87.00,13.84,2.75,1.78,2.16,21.50,175,3.75,0.13,-0.99,8.36
2025-06-25,19.75,91.50,18.32,2.75,1.45,1.43,29.50,176,12.55,0.11,-0.99,3.75
2025-06-26,19.00,99.75,18.96,0.00,0.04,0.04,24.00,177,5.11,0.09,-1.00,12.55
2025-06-27,14.00,97.50,13.61,0.00,0.30,0.39,25.00,178,7.71,0.08,-1.00,5.11
2025-06-28,20.25,89.75,18.51,2.75,1.80,1.74,26.00,179,5.42,0.06,-1.00,7.71
2025-06-29,20.75,94.75,19.88,2.00,0.97,0.87,31.00,180,12.32,0.04,-1.00,5.42
2025-06-30,19.50,85.50,17.00,2.00,2.47,2.50,27.50,181,8.48,0.03,-1.00,12.32
2025-07-01,22.50,77.00,18.26,2.00,4.62,4.24,32.00,182,13.41,0.01,-1.00,8.48
2025-07-02,23.75,83.50,20.79,0.00,3.60,2.96,33.00,183,15.25,-0.01,-1.00,13.41
2025-07-03,16.75,86.25,14.44,2.50,1.97,2.31,25.50,184,10.66,-0.03,-1.00,15.25
2025-07-04,15.50,95.50,14.78,0.00,0.63,0.72,27.00,185,13.38,-0.04,-1.00,10.66
2025-07-05,17.00,77.75,13.08,2.50,3.22,3.92,22.00,186,6.21,-0.06,-1.00,13.38
2025-07-06,18.25,93.00,17.10,2.00,1.09,1.15,19.00,187,1.75,-0.08,-1.00,6.21
2025-07-07,16.00,99.75,15.96,2.25,0.03,0.04,20.25,188,4.98,-0.09,-1.00,1.75
2025-07-08,13.50,91.00,12.06,0.00,1.05,1.44,20.00,189,5.28,-0.11,-0.99,4.98
2025-07-09,15.50,97.25,15.07,0.00,0.37,0.43,26.50,190,11.97,-0.13,-0.99,5.28
2025-07-10,16.00,99.50,15.92,0.00,0.07,0.08,26.25,191,9.57,-0.15,-0.99,11.97
2025-07-11,17.50,96.75,16.98,0.00,0.52,0.52,25.25,192,7.69,-0.16,-0.99,9.57
2025-07-12,17.50,90.75,15.97,0.50,1.39,1.53,28.00,193,15.09,-0.18,-0.98,7.69
2025-07-13,18.25,94.75,17.39,0.00,0.82,0.86,27.50,194,9.15,-0.20,-0.98,15.09
2025-07-14,18.75,99.75,18.71,0.00,0.04,0.04,26.75,195,8.53,-0.21,-0.98,9.15
2025-07-15,17.75,86.50,15.47,2.75,2.05,2.28,23.25,196,7.94,-0.23,-0.97,8.53
2025-07-16,15.75,99.25,15.63,2.00,0.10,0.12,21.25,197,3.93,-0.25,-0.97,7.94
2025-07-17,16.75,99.25,16.63,0.00,0.12,0.12,25.00,198,7.85,-0.26,-0.96,3.93
2025-07-18,16.25,100.00,16.25,0.00,0.00,0.00,27.50,199,12.05,-0.28,-0.96,7.85
2025-07-19,20.50,89.00,18.62,2.00,2.00,1.88,29.25,200,13.76,-0.30,-0.95,12.05
2025-07-20,19.25,98.25,18.97,0.00,0.29,0.28,27.00,201,8.89,-0.31,-0.95,13.76
2025-07-21,17.00,100.00,17.00,1.00,-0.00,0.00,24.25,202,6.91,-0.33,-0.94,8.89
2025-07-22,16.50,100.00,16.50,3.00,0.00,-0.00,24.00,203,5.77,-0.35,-0.94,6.91
2025-07-23,17.00,99.00,16.84,1.50,0.14,0.16,22.75,204,3.25,-0.36,-0.93,5.77
2025-07-24,15.50,100.00,15.50,0.00,-0.00,-0.00,27.00,205,8.62,-0.38,-0.93,3.25
2025-07-25,18.00,100.00,18.00,0.00,0.00,0.00,22.50,206,3.11,-0.39,-0.92,8.62
2025-07-26,16.50,100.00,16.50,0.00,0.00,-0.00,27.50,207,9.46,-0.41,-0.91,3.11
2025-07-27,17.25,91.25,15.81,0.00,1.32,1.44,22.50,208,4.65,-0.43,-0.91,9.46
2025-07-28,15.25,99.75,15.21,0.00,0.03,0.04,20.25,209,2.86,-0.44,-0.90,4.65
2025-07-29,16.00,100.00,16.00,0.00,0.00,0.00,23.50,210,8.10,-0.46,-0.89,2.86
2025-07-30,15.50,99.25,15.38,0.00,0.11,0.12,23.75,211,8.38,-0.47,-0.88,8.10
2025-07-31,17.50,97.25,17.06,1.00,0.41,0.44,22.50,212,4.30,-0.49,-0.87,8.38
2025-08-01,16.75,100.00,16.75,0.00,-0.00,0.00,21.50,213,4.15,-0.50,-0.87,4.30
2025-08-02,16.00,100.00,16.00,0.00,0.00,0.00,20.00,214,4.02,-0.52,-0.86,4.15
2025-08-03,16.25,91.00,14.78,2.75,1.26,1.47,23.50,215,6.62,-0.53,-0.85,4.02
2025-08-04,18.50,100.00,18.50,0.00,0.00,-0.00,25.00,216,6.10,-0.55,-0.84,6.62
2025-08-05,15.00,99.00,14.84,1.00,0.13,0.16,21.25,217,6.54,-0.56,-0.83,6.10
2025-08-06,14.25,100.00,14.25,0.50,-0.00,0.00,23.00,218,7.61,-0.57,-0.82,6.54
2025-08-07,15.00,96.25,14.41,0.00,0.49,0.59,25.25,219,9.64,-0.59,-0.81,7.61
2025-08-08,17.50,88.75,15.62,2.25,1.68,1.88,25.00,220,6.13,-0.60,-0.80,9.64
2025-08-09,14.50,100.00,14.50,0.00,-0.00,0.00,26.50,221,10.66,-0.62,-0.79,6.13
2025-08-10,14.50,100.00,14.50,0.00,-0.00,0.00,26.50,222,9.73,-0.63,-0.78,10.66
2025-08-11,15.50,97.75,15.15,1.00,0.32,0.35,29.00,223,14.15,-0.64,-0.77,9.73
2025-08-12,17.75,91.25,16.30,1.00,1.33,1.45,30.75,224,14.70,-0.66,-0.76,14.15
2025-08-13,18.50,99.50,18.42,0.00,0.09,0.08,31.50,225,11.77,-0.67,-0.74,14.70
2025-08-14,20.75,100.00,20.75,0.00,0.00,0.00,33.00,226,13.80,-0.68,-0.73,11.77
2025-08-15,18.00,100.00,18.00,0.00,-0.00,0.00,29.00,227,10.77,-0.69,-0.72,13.80
2025-08-16,18.00,96.25,17.39,0.00,0.58,0.61,21.00,228,4.38,-0.71,-0.71,10.77
2025-08-17,12.50,100.00,12.50,0.00,0.00,0.00,20.75,229,2.94,-0.72,-0.70,4.38
2025-08-18,17.00,95.00,16.19,1.00,0.73,0.81,25.75,230,10.62,-0.73,-0.68,2.94
2025-08-19,16.00,91.25,14.57,2.00,1.20,1.43,29.00,231,14.08,-0.74,-0.67,10.62
2025-08-20,15.25,91.75,13.92,0.50,1.08,1.33,24.50,232,8.83,-0.75,-0.66,14.08
2025-08-21,13.00,98.00,12.69,0.50,0.24,0.31,22.75,233,7.14,-0.76,-0.65,8.83
2025-08-22,13.75,95.75,13.08,0.00,0.51,0.67,18.50,234,4.51,-0.77,-0.63,7.14
2025-08-23,14.00,100.00,14.00,0.00,-0.00,0.00,19.75,235,5.97,-0.79,-0.62,4.51
2025-08-24,9.50,100.00,9.50,0.00,0.00,0.00,23.25,236,10.28,-0.80,-0.61,5.97
2025-08-25,10.25,100.00,10.25,0.00,0.00,0.00,24.25,237,10.48,-0.81,-0.59,10.28
2025-08-26,12.50,98.25,12.23,0.50,0.21,0.27,26.75,238,12.37,-0.82,-0.58,10.48
2025-08-27,16.25,91.25,14.82,1.00,1.23,1.43,26.00,239,9.56,-0.83,-0.56,12.37
2025-08-28,15.50,100.00,15.50,0.00,0.00,-0.00,25.75,240,8.92,-0.84,-0.55,9.56
2025-08-29,13.75,97.50,13.36,1.00,0.31,0.39,23.75,241,8.31,-0.85,-0.53,8.92
2025-08-30,14.25,100.00,14.25,1.50,-0.00,0.00,23.50,242,6.79,-0.85,-0.52,8.31
2025-08-31,17.00,95.75,16.32,2.00,0.62,0.68,23.75,243,4.78,-0.86,-0.50,6.79
2025-09-01,16.00,100.00,16.00,0.00,0.00,0.00,23.50,244,7.31,-0.87,-0.49,4.78
2025-09-02,14.25,95.75,13.58,2.50,0.52,0.67,23.00,245,8.70,-0.88,-0.47,7.31
2025-09-03,17.25,92.00,15.94,2.75,1.18,1.31,22.00,246,3.54,-0.89,-0.46,8.70
2025-09-04,15.50,97.25,15.07,2.25,0.37,0.43,23.50,247,7.04,-0.90,-0.44,3.54
2025-09-05,13.00,100.00,13.00,0.50,-0.00,0.00,21.25,248,5.02,-0.90,-0.43,7.04
2025-09-06,10.50,100.00,10.50,0.00,0.00,-0.00,23.25,249,7.31,-0.91,-0.41,5.02
2025-09-07,12.75,95.50,12.05,2.00,0.52,0.70,27.00,250,11.97,-0.92,-0.40,7.31
2025-09-08,17.50,100.00,17.50,0.00,-0.00,0.00,24.50,251,6.73,-0.92,-0.38,11.97
2025-09-09,15.00,100.00,15.00,0.00,0.00,0.00,15.00,252,0.39,-0.93,-0.37,6.73
2025-09-10,9.75,100.00,9.75,0.50,0.00,0.00,21.00,253,5.77,-0.94,-0.35,0.39
2025-09-11,15.25,97.00,14.78,3.25,0.39,0.47,19.25,254,4.80,-0.94,-0.33,5.77
2025-09-12,11.50,95.00,10.73,2.50,0.52,0.77,20.00,255,5.70,-0.95,-0.32,4.80
2025-09-13,12.00,99.50,11.92,2.00,0.05,0.08,19.75,256,5.15,-0.95,-0.30,5.70
2025-09-14,10.50,100.00,10.50,1.50,0.00,-0.00,20.25,257,5.35,-0.96,-0.28,5.15
2025-09-15,15.50,88.75,13.65,5.25,1.49,1.85,20.00,258,4.75,-0.96,-0.27,5.35
2025-09-16,12.50,98.75,12.31,5.00,0.14,0.19,17.25,259,2.54,-0.97,-0.25,4.75
2025-09-17,12.00,99.00,11.85,2.00,0.11,0.15,17.00,260,1.70,-0.97,-0.23,2.54
2025-09-18,18.00,94.00,17.02,2.75,0.92,0.98,20.75,261,2.08,-0.98,-0.22,1.70
2025-09-19,14.25,100.00,14.25,0.00,-0.00,0.00,25.00,262,6.27,-0.98,-0.20,2.08
2025-09-20,16.25,97.75,15.89,0.50,0.31,0.36,24.75,263,4.42,-0.98,-0.18,6.27
2025-09-21,14.00,88.25,12.09,5.00,1.42,1.91,16.00,264,3.08,-0.99,-0.17,4.42
2025-09-22,7.00,100.00,7.00,0.00,0.00,0.00,16.50,265,4.40,-0.99,-0.15,3.08
2025-09-23,7.25,100.00,7.25,0.00,0.00,0.00,18.00,266,4.89,-0.99,-0.13,4.40
2025-09-24,7.00,97.00,6.56,2.00,0.23,0.44,16.00,267,5.82,-0.99,-0.12,4.89
2025-09-25,8.25,89.50,6.62,3.50,0.88,1.63,14.50,268,4.11,-1.00,-0.10,5.82
2025-09-26,10.00,88.00,8.10,1.00,1.13,1.90,15.50,269,2.78,-1.00,-0.08,4.11
2025-09-27,11.00,100.00,11.00,0.00,0.00,0.00,17.50,270,2.54,-1.00,-0.06,2.78
2025-09-28,6.25,100.00,6.25,0.00,0.00,0.00,20.00,271,5.18,-1.00,-0.05,2.54
2025-09-29,8.00,100.00,8.00,0.00,0.00,-0.00,20.00,272,4.91,-1.00,-0.03,5.18
2025-09-30,9.50,100.00,9.50,0.00,0.00,0.00,19.50,273,4.37,-1.00,-0.01,4.91
2025-10-01,4.25,100.00,4.25,0.00,-0.00,0.00,17.50,274,5.85,-1.00,0.00,4.37
2025-10-02,5.50,100.00,5.50,0.50,-0.00,-0.00,18.00,275,5.68,-1.00,0.02,5.85
2025-10-03,10.00,88.75,8.23,0.00,1.06,1.77,13.25,276,2.47,-1.00,0.04,5.68
2025-10-04,12.75,100.00,12.75,4.00,0.00,0.00,15.00,277,3.01,-1.00,0.06,2.47
2025-10-05,10.00,97.00,9.55,3.25,0.28,0.45,13.25,278,1.36,-1.00,0.07,3.01
2025-10-06,12.00,99.50,11.92,0.50,0.05,0.08,15.50,279,1.12,-1.00,0.09,1.36
2025-10-07,13.25,100.00,13.25,0.00,-0.00,0.00,17.25,280,1.21,-0.99,0.11,1.12
2025-10-08,12.50,100.00,12.50,0.00,0.00,0.00,16.75,281,1.21,-0.99,0.12,1.21
2025-10-09,10.50,100.00,10.50,0.00,0.00,-0.00,17.75,282,3.48,-0.99,0.14,1.21
2025-10-10,10.25,99.00,10.10,0.00,0.09,0.15,18.00,283,2.09,-0.99,0.16,3.48
2025-10-11,13.00,98.50,12.77,0.00,0.17,0.23,17.00,284,1.63,-0.98,0.18,2.09
2025-10-12,11.50,100.00,11.50,0.00,0.00,-0.00,17.00,285,1.85,-0.98,0.19,1.63
2025-10-13,13.00,100.00,13.00,0.00,0.00,0.00,16.75,286,1.50,-0.98,0.21,1.85
2025-10-14,12.00,100.00,12.00,0.00,0.00,0.00,16.25,287,1.42,-0.97,0.23,1.50
2025-10-15,12.00,100.00,12.00,0.00,0.00,0.00,14.00,288,0.60,-0.97,0.24,1.42
2025-10-16,10.00,100.00,10.00,0.00,0.00,0.00,16.00,289,1.74,-0.97,0.26,0.60
2025-10-17,10.00,100.00,10.00,0.00,0.00,0.00,15.00,290,2.28,-0.96,0.28,1.74
2025-10-18,9.00,100.00,9.00,0.00,0.00,0.00,13.50,291,3.78,-0.96,0.29,2.28
2025-10-19,6.00,96.25,5.45,0.00,0.27,0.55,14.00,292,2.71,-0.95,0.31,3.78
2025-10-20,13.00,100.00,13.00,2.25,0.00,0.00,17.00,293,1.77,-0.95,0.33,2.71
2025-10-21,13.00,100.00,13.00,4.50,0.00,0.00,16.00,294,1.57,-0.94,0.34,1.77
2025-10-22,11.00,99.00,10.85,1.00,0.10,0.15,15.25,295,1.67,-0.93,0.36,1.57
2025-10-23,13.75,100.00,13.75,2.75,-0.00,0.00,13.75,296,1.84,-0.93,0.37,1.67
2025-10-24,9.00,91.00,7.61,5.75,0.79,1.39,12.00,297,2.48,-0.92,0.39,1.84
2025-10-25,9.00,95.50,8.32,5.25,0.40,0.68,11.50,298,0.58,-0.91,0.41,2.48
2025-10-26,7.50,99.00,7.35,5.75,0.08,0.15,9.50,299,1.45,-0.91,0.42,0.58
2025-10-27,9.25,93.25,8.22,5.00,0.61,1.03,9.00,300,0.39,-0.90,0.44,1.45
2025-10-28,11.00,100.00,11.00,4.00,0.00,0.00,13.75,301,1.87,-0.89,0.45,0.39
2025-10-29,11.00,97.75,10.66,3.00,0.23,0.34,13.00,302,1.13,-0.88,0.47,1.87
2025-10-30,7.50,98.25,7.24,5.00,0.14,0.26,13.00,303,1.84,-0.88,0.48,1.13
2025-10-31,8.00,92.00,6.78,2.75,0.66,1.22,12.75,304,1.57,-0.87,0.50,1.84
2025-11-01,12.00,94.25,11.10,5.50,0.61,0.90,13.00,305,0.21,-0.86,0.51,1.57
2025-11-02,9.25,100.00,9.25,2.25,0.00,0.00,14.00,306,2.41,-0.85,0.53,0.21
2025-11-03,6.50,100.00,6.50,2.00,0.00,0.00,13.00,307,1.13,-0.84,0.54,2.41
2025-11-04,13.00,94.00,12.06,3.00,0.68,0.94,16.25,308,2.76,-0.83,0.56,1.13
2025-11-05,12.00,85.00,9.55,0.50,1.60,2.45,17.00,309,3.98,-0.82,0.57,2.76
2025-11-06,5.25,98.25,5.00,0.00,0.12,0.25,14.75,310,2.62,-0.81,0.58,3.98
2025-11-07,4.50,100.00,4.50,0.00,-0.00,0.00,16.00,311,2.04,-0.80,0.60,2.62
2025-11-08,5.25,100.00,5.25,0.00,-0.00,0.00,14.00,312,1.24,-0.79,0.61,2.04
2025-11-09,10.75,100.00,10.75,0.00,0.00,0.00,14.50,313,1.64,-0.78,0.63,1.24
2025-11-10,6.00,100.00,6.00,0.00,0.00,0.00,10.75,314,1.01,-0.77,0.64,1.64
2025-11-11,9.00,100.00,9.00,2.00,0.00,0.00,13.00,315,1.22,-0.76,0.65,1.01
