night,t_eve,td_eve,rh_eve,wind_eve,dewdep_eve,tmax_day,rain_day,doy,month,tmin_night,doy_sin,doy_cos,tmin_prev,frost
2021-02-02,9.12,8.20,94.00,0.65,0.93,8.47,0.00,33,2,8.47,0.54,0.84,1.38,0
2021-02-03,6.85,5.95,94.00,0.10,0.90,9.15,1.07,34,2,5.35,0.55,0.83,8.47,0
2021-02-04,6.12,4.90,91.75,0.90,1.22,9.47,0.00,35,2,5.08,0.57,0.82,5.35,0
2021-02-05,8.18,6.90,92.00,0.00,1.28,9.65,0.00,36,2,4.83,0.58,0.81,5.08,0
2021-02-06,1.07,-0.47,89.50,4.70,1.55,3.77,0.00,37,2,-3.30,0.59,0.80,4.83,1
2021-02-07,-4.40,-5.50,92.00,4.80,1.10,-3.75,0.00,38,2,-5.07,0.61,0.79,-3.30,1
2021-02-08,-5.42,-6.92,89.25,3.35,1.50,-5.00,0.00,39,2,-9.43,0.62,0.78,-5.07,1
2021-02-09,-2.70,-4.93,84.50,0.90,2.23,-0.60,0.12,40,2,-5.15,0.64,0.77,-9.43,1
2021-02-10,-3.17,-5.70,82.50,0.00,2.53,-0.50,0.00,41,2,-7.35,0.65,0.76,-5.15,1
2021-02-11,-5.10,-8.05,79.75,0.00,2.95,0.25,0.06,42,2,-11.22,0.66,0.75,-7.35,1
2021-02-12,-3.55,-6.92,77.50,3.48,3.38,-2.30,0.00,43,2,-8.22,0.67,0.74,-11.22,1
2021-02-13,-3.42,-8.70,66.75,1.00,5.27,-0.57,0.00,44,2,-8.12,0.69,0.73,-8.22,1
2021-02-14,3.23,-7.88,44.00,3.12,11.10,4.55,0.00,45,2,1.73,0.70,0.71,-8.12,0
2021-02-15,4.78,3.73,93.00,1.90,1.05,4.65,0.31,46,2,4.25,0.71,0.70,1.73,0
2021-02-16,9.52,6.58,81.75,1.20,2.95,10.88,0.31,47,2,7.75,0.72,0.69,4.25,0
2021-02-17,10.93,8.15,82.75,1.55,2.78,12.22,0.00,48,2,7.60,0.74,0.68,7.75,0
2021-02-18,9.15,8.00,92.75,2.45,1.15,11.80,2.03,49,2,4.00,0.75,0.66,7.60,0
2021-02-19,8.85,5.90,81.75,1.00,2.95,11.03,0.00,50,2,8.62,0.76,0.65,4.00,0
2021-02-20,14.00,8.57,69.75,1.30,5.43,16.60,0.00,51,2,8.10,0.77,0.64,8.62,0
2021-02-21,10.30,6.80,79.00,0.00,3.50,18.05,0.00,52,2,4.83,0.78,0.63,8.10,0
2021-02-22,10.93,7.17,77.75,0.00,3.75,16.05,0.00,53,2,8.50,0.79,0.61,4.83,0
2021-02-23,14.38,9.95,74.75,0.10,4.43,18.88,0.00,54,2,9.93,0.80,0.60,8.50,0
2021-02-24,14.32,8.80,69.50,0.00,5.52,19.48,0.00,55,2,9.47,0.81,0.58,9.93,0
2021-02-25,11.28,9.28,87.50,0.65,2.00,17.12,0.19,56,2,5.83,0.82,0.57,9.47,0
2021-02-26,6.78,3.50,79.50,0.53,3.28,11.03,0.00,57,2,2.58,0.83,0.56,5.83,0
2021-02-27,6.58,4.02,83.75,0.00,2.55,10.65,0.00,58,2,0.00,0.84,0.54,2.58,1
2021-02-28,7.55,4.53,81.25,0.10,3.02,11.82,0.00,59,2,3.62,0.85,0.53,0.00,0
2021-03-01,6.33,4.15,86.00,0.00,2.17,9.72,0.00,60,3,2.10,0.86,0.51,3.62,0
2021-03-02,8.40,4.35,75.75,0.00,4.05,15.75,0.00,61,3,1.07,0.87,0.50,2.10,0
2021-03-03,8.55,5.85,83.25,0.30,2.70,13.70,0.00,62,3,3.82,0.88,0.48,1.07,0
2021-03-04,4.88,2.00,81.75,2.23,2.88,5.88,0.00,63,3,-0.35,0.88,0.47,3.82,1
2021-03-05,3.12,-2.58,66.25,0.00,5.70,7.38,0.00,64,3,-4.67,0.89,0.45,-0.35,1
2021-03-06,2.77,-1.98,71.00,0.00,4.75,7.85,0.00,65,3,-4.78,0.90,0.44,-4.67,1
2021-03-07,4.78,-0.08,70.75,0.20,4.85,6.83,0.00,66,3,2.33,0.91,0.42,-4.78,0
2021-03-08,7.05,2.72,74.00,0.43,4.33,9.32,0.00,67,3,4.20,0.91,0.41,2.33,0
2021-03-09,6.35,4.53,88.00,0.10,1.82,7.38,0.00,68,3,0.20,0.92,0.39,4.20,0
2021-03-10,8.20,4.72,78.75,1.75,3.47,10.28,0.50,69,3,6.85,0.93,0.37,0.20,0
2021-03-11,9.15,5.30,77.00,4.38,3.85,12.53,0.38,70,3,5.22,0.93,0.36,6.85,0
2021-03-12,8.22,5.35,82.00,3.45,2.88,8.85,0.32,71,3,6.78,0.94,0.34,5.22,0
2021-03-13,6.05,3.25,82.00,4.35,2.80,8.95,0.56,72,3,4.90,0.95,0.33,6.78,0
2021-03-14,6.85,4.25,83.25,1.43,2.60,8.62,0.00,73,3,5.50,0.95,0.31,4.90,0
2021-03-15,7.03,4.80,85.50,3.00,2.23,8.85,0.06,74,3,6.00,0.96,0.29,5.50,0
2021-03-16,5.65,4.28,91.00,0.65,1.37,8.75,0.31,75,3,4.15,0.96,0.28,6.00,0
2021-03-17,5.52,3.77,88.50,1.55,1.75,7.40,0.06,76,3,0.15,0.97,0.26,4.15,0
2021-03-18,6.67,4.25,84.50,2.45,2.42,9.35,0.19,77,3,0.75,0.97,0.24,0.15,0
2021-03-19,6.62,1.27,68.75,2.00,5.35,9.45,0.00,78,3,-1.65,0.97,0.23,0.75,1
2021-03-20,6.62,4.45,86.00,2.10,2.17,9.10,0.00,79,3,5.88,0.98,0.21,-1.65,0
2021-03-21,6.55,2.67,76.25,2.45,3.88,8.00,0.00,80,3,1.85,0.98,0.19,5.88,0
2021-03-22,7.28,4.05,80.00,0.30,3.23,9.03,0.00,81,3,4.60,0.98,0.18,1.85,0
2021-03-23,7.85,4.85,81.25,0.00,3.00,10.07,0.00,82,3,-0.82,0.99,0.16,4.60,1
2021-03-24,10.07,5.40,72.75,0.00,4.67,15.67,0.00,83,3,5.05,0.99,0.14,-0.82,0
2021-03-25,9.40,4.53,71.75,0.00,4.88,13.05,0.00,84,3,3.70,0.99,0.12,5.05,0
2021-03-26,11.53,5.17,65.00,1.43,6.35,14.40,0.00,85,3,5.35,0.99,0.11,3.70,0
2021-03-27,7.35,1.70,67.50,0.98,5.65,9.65,0.00,86,3,5.48,1.00,0.09,5.35,0
2021-03-28,12.43,7.35,71.25,2.33,5.08,12.75,0.00,87,3,8.62,1.00,0.07,5.48,0
2021-03-29,18.75,4.95,40.25,1.43,13.80,20.40,0.00,88,3,2.33,1.00,0.06,8.62,0
2021-03-30,20.70,7.40,42.50,0.68,13.30,23.02,0.00,89,3,3.73,1.00,0.04,2.33,0
2021-03-31,20.77,8.18,44.50,0.65,12.60,24.98,0.00,90,3,7.72,1.00,0.02,3.73,0
2021-04-01,12.40,3.98,56.50,2.12,8.42,16.60,0.00,91,4,3.15,1.00,0.00,7.72,0
2021-04-02,7.42,3.50,76.25,3.00,3.92,8.43,0.00,92,4,3.65,1.00,-0.01,3.15,0
2021-04-03,8.32,3.05,69.25,3.12,5.27,12.00,0.00,93,4,5.78,1.00,-0.03,3.65,0
2021-04-04,7.88,3.73,75.00,2.20,4.15,8.57,0.00,94,4,5.10,1.00,-0.05,5.78,0
2021-04-05,3.00,-0.18,79.75,3.70,3.17,5.60,0.50,95,4,1.38,1.00,-0.06,5.10,0
2021-04-06,1.90,-0.23,86.00,3.12,2.12,4.30,0.50,96,4,0.65,1.00,-0.08,1.38,0
2021-04-07,3.35,1.57,88.25,2.67,1.78,6.53,0.56,97,4,1.65,1.00,-0.10,0.65,0
2021-04-08,8.57,0.50,57.00,1.12,8.07,9.57,0.00,98,4,5.05,0.99,-0.12,1.65,0
2021-04-09,11.20,4.78,64.75,1.23,6.42,13.03,0.00,99,4,5.40,0.99,-0.13,5.05,0
2021-04-10,6.20,5.00,92.00,2.00,1.20,7.88,2.71,100,4,3.12,0.99,-0.15,5.40,0
2021-04-11,6.83,1.15,67.25,2.58,5.68,7.88,0.00,101,4,0.03,0.99,-0.17,3.12,0
2021-04-12,6.70,1.68,70.25,2.33,5.03,8.22,0.00,102,4,0.38,0.98,-0.18,0.03,0
2021-04-13,7.92,-0.57,55.25,1.78,8.50,9.92,0.00,103,4,0.20,0.98,-0.20,0.38,0
2021-04-14,6.42,4.80,89.00,2.00,1.62,9.50,0.12,104,4,1.55,0.98,-0.22,0.20,0
2021-04-15,9.20,0.88,56.00,0.78,8.32,10.47,0.00,105,4,-0.62,0.97,-0.23,1.55,1
2021-04-16,11.57,2.50,53.75,1.78,9.07,13.72,0.00,106,4,1.95,0.97,-0.25,-0.62,0
2021-04-17,10.40,4.05,64.75,2.33,6.35,13.22,0.00,107,4,0.82,0.96,-0.27,1.95,0
2021-04-18,15.10,7.92,62.25,1.20,7.17,16.25,0.00,108,4,3.50,0.96,-0.28,0.82,0
2021-04-19,13.32,9.25,76.25,0.00,4.07,14.00,0.00,109,4,2.73,0.95,-0.30,3.50,0
2021-04-20,17.32,16.18,93.00,0.10,1.15,19.32,0.00,110,4,5.53,0.95,-0.32,2.73,0
2021-04-21,11.47,3.25,57.00,1.80,8.22,15.98,0.00,111,4,1.35,0.94,-0.33,5.53,0
2021-04-22,10.35,3.25,61.50,1.30,7.10,12.72,0.00,112,4,1.27,0.94,-0.35,1.35,0
2021-04-23,12.80,4.28,56.25,0.97,8.53,14.90,0.00,113,4,1.27,0.93,-0.37,1.27,0
2021-04-24,11.68,1.20,48.75,2.00,10.48,13.90,0.00,114,4,3.88,0.92,-0.38,1.27,0
2021-04-25,11.40,2.50,54.25,1.20,8.90,13.28,0.00,115,4,0.88,0.92,-0.40,3.88,0
2021-04-26,12.78,1.55,46.50,1.10,11.22,15.40,0.00,116,4,1.25,0.91,-0.41,0.88,0
2021-04-27,14.55,0.53,38.50,1.00,14.03,16.23,0.00,117,4,3.48,0.90,-0.43,1.25,0
2021-04-28,16.48,3.92,43.25,1.68,12.55,19.50,0.00,118,4,7.47,0.90,-0.44,3.48,0
2021-04-29,7.07,5.60,90.50,0.43,1.47,8.85,0.62,119,4,7.07,0.89,-0.46,7.47,0
2021-04-30,8.75,7.00,88.75,0.00,1.75,13.90,2.60,120,4,3.92,0.88,-0.47,7.07,0
2021-05-01,12.15,4.07,58.00,1.10,8.07,13.70,0.00,121,5,3.05,0.87,-0.49,3.92,0
2021-05-02,9.65,3.60,66.00,0.98,6.05,11.25,0.00,122,5,1.75,0.86,-0.50,3.05,0
2021-05-04,10.15,6.95,80.50,2.45,3.20,11.03,1.27,124,5,5.62,0.85,-0.53,1.75,0
2021-05-05,9.80,3.33,64.00,1.68,6.48,11.22,0.12,125,5,3.50,0.84,-0.55,5.62,0
2021-05-06,9.93,4.83,70.75,0.55,5.10,12.65,0.06,126,5,1.45,0.83,-0.56,3.50,0
2021-05-07,11.47,3.95,59.75,1.10,7.52,13.12,0.06,127,5,1.38,0.82,-0.58,1.45,0
2021-05-08,14.95,8.65,66.00,0.43,6.30,14.10,0.38,128,5,11.95,0.81,-0.59,1.38,0
2021-05-09,24.38,16.55,61.75,0.00,7.82,25.77,0.00,129,5,15.43,0.80,-0.61,11.95,0
2021-05-10,19.98,11.47,58.00,0.20,8.50,20.33,0.19,130,5,11.83,0.79,-0.62,15.43,0
2021-05-11,15.88,13.03,83.25,0.00,2.85,17.80,0.06,131,5,9.15,0.77,-0.63,11.83,0
2021-05-12,14.60,10.22,75.00,0.65,4.38,19.95,0.00,132,5,5.75,0.76,-0.65,9.15,0
2021-05-13,14.35,10.93,80.00,0.65,3.42,21.40,2.16,133,5,10.57,0.75,-0.66,5.75,0
2021-05-14,12.95,10.55,85.25,0.23,2.40,18.25,0.06,134,5,8.57,0.74,-0.67,10.57,0
2021-05-15,12.40,10.80,90.00,0.20,1.60,15.75,1.02,135,5,9.95,0.73,-0.68,8.57,0
2021-05-16,15.53,10.20,70.75,0.20,5.33,16.15,0.25,136,5,9.50,0.72,-0.70,9.95,0
2021-05-17,14.90,10.30,74.00,1.20,4.60,15.62,0.19,137,5,7.38,0.71,-0.71,9.50,0
2021-05-18,16.15,8.43,60.25,0.78,7.72,18.48,0.06,138,5,5.75,0.69,-0.72,7.38,0
2021-05-19,14.12,10.88,80.75,0.00,3.25,15.28,1.20,139,5,6.33,0.68,-0.73,5.75,0
2021-05-20,15.03,8.18,63.75,0.78,6.85,16.38,0.00,140,5,10.55,0.67,-0.74,6.33,0
2021-05-21,14.57,9.15,70.00,1.78,5.42,15.57,0.44,141,5,10.10,0.66,-0.76,10.55,0
2021-05-22,12.20,9.35,82.75,0.90,2.85,12.35,0.32,142,5,9.22,0.64,-0.77,10.10,0
2021-05-23,15.32,7.82,61.00,0.40,7.50,16.25,0.00,143,5,12.65,0.63,-0.78,9.22,0
2021-05-24,15.40,10.57,73.00,0.53,4.83,15.60,0.94,144,5,7.10,0.62,-0.79,12.65,0
2021-05-25,11.72,9.70,87.25,0.90,2.03,13.68,0.19,145,5,8.90,0.60,-0.80,7.10,0
2021-05-26,11.60,9.20,85.25,1.30,2.40,15.00,0.12,146,5,9.70,0.59,-0.81,8.90,0
2021-05-27,12.38,9.93,85.00,0.53,2.45,12.95,0.13,147,5,7.95,0.57,-0.82,9.70,0
2021-05-28,20.15,9.38,50.00,0.00,10.77,20.93,0.00,148,5,6.83,0.56,-0.83,7.95,0
2021-05-29,19.33,10.65,57.25,0.40,8.68,20.82,0.00,149,5,5.88,0.55,-0.84,6.83,0
2021-05-30,21.85,11.43,51.50,0.78,10.43,23.45,0.00,150,5,9.62,0.53,-0.85,5.88,0
2021-05-31,23.35,10.72,45.00,0.40,12.63,24.82,0.00,151,5,10.12,0.52,-0.86,9.62,0
2021-06-01,25.20,11.28,41.75,0.78,13.92,26.82,0.00,152,6,11.70,0.50,-0.87,10.12,0
2021-06-02,28.00,11.03,34.75,0.30,16.98,29.62,0.00,153,6,14.55,0.49,-0.87,11.70,0
2021-06-03,23.25,19.48,79.50,0.10,3.77,26.95,0.32,154,6,14.62,0.47,-0.88,14.55,0
2021-06-04,25.12,18.52,66.75,0.00,6.60,28.55,0.12,155,6,16.80,0.46,-0.89,14.62,0
2021-06-05,17.40,15.05,86.00,0.43,2.35,19.85,0.00,156,6,14.10,0.44,-0.90,16.80,0
2021-06-06,21.60,12.65,56.75,0.78,8.95,23.12,0.00,157,6,9.62,0.43,-0.91,14.10,0
2021-06-07,23.23,13.45,54.25,0.20,9.78,25.80,0.00,158,6,10.25,0.41,-0.91,9.62,0
2021-06-08,25.55,15.32,53.25,0.10,10.22,26.93,0.00,159,6,12.28,0.39,-0.92,10.25,0
2021-06-09,24.85,13.60,49.75,0.78,11.25,27.20,0.00,160,6,10.40,0.38,-0.93,12.28,0
2021-06-10,27.10,10.62,35.75,0.30,16.48,28.85,0.00,161,6,14.22,0.36,-0.93,10.40,0
2021-06-11,24.40,17.60,66.00,0.78,6.80,26.82,0.00,162,6,16.28,0.35,-0.94,14.22,0
2021-06-12,18.98,11.88,63.50,1.00,7.10,22.77,0.00,163,6,8.60,0.33,-0.94,16.28,0
2021-06-13,24.82,9.93,39.00,0.00,14.90,25.93,0.00,164,6,9.93,0.31,-0.95,8.60,0
2021-06-14,27.75,14.30,43.75,0.53,13.45,30.25,0.00,165,6,14.75,0.30,-0.95,9.93,0
2021-06-15,24.20,12.15,47.00,0.40,12.05,26.18,0.00,166,6,11.43,0.28,-0.96,14.75,0
2021-06-16,30.48,18.77,49.75,0.00,11.70,31.30,0.00,167,6,16.80,0.26,-0.96,11.43,0
2021-06-17,29.12,20.27,59.00,0.53,8.85,32.55,0.00,168,6,19.05,0.25,-0.97,16.80,0
2021-06-18,25.57,23.10,86.25,0.00,2.47,30.88,0.76,169,6,18.68,0.23,-0.97,19.05,0
2021-06-19,21.93,17.90,78.00,0.10,4.03,23.35,0.00,170,6,17.82,0.21,-0.98,18.68,0
2021-06-20,24.55,18.30,68.25,0.20,6.25,25.52,0.00,171,6,13.80,0.20,-0.98,17.82,0
2021-06-21,16.00,13.58,85.50,0.40,2.42,17.12,0.00,172,6,10.88,0.18,-0.98,13.80,0
2021-06-22,17.45,12.10,71.00,0.78,5.35,21.40,0.38,173,6,11.70,0.16,-0.99,10.88,0
2021-06-23,17.75,13.25,75.00,0.30,4.50,20.02,0.06,174,6,13.60,0.15,-0.99,11.70,0
2021-06-24,20.05,14.75,71.75,0.00,5.30,19.68,0.00,175,6,8.32,0.13,-0.99,13.60,0
2021-06-25,18.20,15.07,82.00,0.00,3.12,20.60,0.00,176,6,13.03,0.11,-0.99,8.32,0
2021-06-26,25.25,17.00,60.25,0.00,8.25,26.27,0.00,177,6,15.62,0.09,-1.00,13.03,0
2021-06-27,22.02,17.00,74.00,0.62,5.02,28.73,2.03,178,6,15.10,0.08,-1.00,15.62,0
2021-06-28,24.80,20.70,78.00,0.30,4.10,25.50,0.00,179,6,18.27,0.06,-1.00,15.10,0
2021-06-29,18.40,15.78,84.75,0.78,2.62,24.23,0.00,180,6,14.53,0.04,-1.00,18.27,0
2021-06-30,14.82,13.72,93.00,0.40,1.10,16.25,0.69,181,6,13.28,0.03,-1.00,14.53,0
2021-07-01,16.00,13.90,87.25,0.53,2.10,16.12,0.06,182,7,13.78,0.01,-1.00,13.28,0
2021-07-02,21.52,16.80,74.50,0.10,4.72,21.55,0.00,183,7,11.62,-0.01,-1.00,13.78,0
2021-07-03,21.20,17.73,80.50,0.20,3.47,26.57,0.56,184,7,16.40,-0.03,-1.00,11.62,0
2021-07-04,18.43,16.93,91.00,0.00,1.50,24.65,0.38,185,7,14.45,-0.04,-1.00,16.40,0
2021-07-05,19.52,16.12,80.75,0.00,3.40,21.00,0.00,186,7,17.12,-0.06,-1.00,14.45,0
2021-07-06,16.85,14.68,87.00,0.65,2.18,21.77,0.06,187,7,12.53,-0.08,-1.00,17.12,0
2021-07-07,23.00,16.18,65.50,0.30,6.82,23.10,0.00,188,7,13.25,-0.09,-1.00,12.53,0
2021-07-08,23.05,16.93,68.25,0.30,6.12,25.77,0.00,189,7,13.65,-0.11,-0.99,13.25,0
2021-07-09,22.43,16.20,67.75,0.40,6.23,24.27,0.00,190,7,13.35,-0.13,-0.99,13.65,0
2021-07-10,23.27,22.07,93.00,0.00,1.20,24.20,0.00,191,7,16.90,-0.15,-0.99,13.35,0
2021-07-11,21.42,16.93,75.50,0.00,4.50,24.65,0.00,192,7,13.48,-0.16,-0.99,16.90,0
2021-07-12,23.02,21.30,90.00,0.20,1.72,27.00,0.00,193,7,17.07,-0.18,-0.98,13.48,0
2021-07-13,20.45,18.75,90.00,0.20,1.70,22.12,0.06,194,7,18.60,-0.20,-0.98,17.07,0
2021-07-14,21.05,19.00,88.00,1.20,2.05,21.45,1.65,195,7,18.40,-0.21,-0.98,18.60,0
2021-07-15,17.82,16.75,93.25,0.10,1.07,18.55,0.51,196,7,15.35,-0.23,-0.97,18.40,0
2021-07-16,19.23,16.27,83.00,0.30,2.95,20.68,0.00,197,7,15.50,-0.25,-0.97,15.35,0
2021-07-17,24.30,18.35,69.50,0.40,5.95,26.65,0.00,198,7,14.47,-0.26,-0.96,15.50,0
2021-07-18,24.15,18.20,69.50,0.78,5.95,27.73,0.00,199,7,12.25,-0.28,-0.96,14.47,0
2021-07-19,21.77,15.35,67.00,0.40,6.42,24.50,0.00,200,7,10.18,-0.30,-0.95,12.25,0
2021-07-20,22.75,14.18,58.50,0.20,8.57,24.57,0.00,201,7,10.90,-0.31,-0.95,10.18,0
2021-07-21,24.25,17.42,65.75,0.00,6.83,26.00,0.00,202,7,14.00,-0.33,-0.94,10.90,0
2021-07-22,22.60,15.38,63.75,0.40,7.23,25.07,0.00,203,7,10.18,-0.35,-0.94,14.00,0
2021-07-23,22.12,16.00,68.50,0.40,6.12,23.88,0.00,204,7,13.83,-0.36,-0.93,10.18,0
2021-07-24,21.38,18.25,82.50,0.00,3.12,23.52,0.00,205,7,16.07,-0.38,-0.93,13.83,0
2021-07-25,24.00,19.10,74.00,0.30,4.90,26.73,1.08,206,7,15.10,-0.39,-0.92,16.07,0
2021-07-26,21.05,17.95,82.50,0.40,3.10,22.65,0.06,207,7,16.57,-0.41,-0.91,15.10,0
2021-07-27,20.70,17.80,83.50,0.10,2.90,22.80,0.70,208,7,14.95,-0.43,-0.91,16.57,0
2021-07-28,18.52,16.15,86.25,0.20,2.38,21.68,0.19,209,7,14.72,-0.44,-0.90,14.95,0
2021-07-29,19.95,13.25,65.50,1.00,6.70,21.85,0.00,210,7,10.85,-0.46,-0.89,14.72,0
2021-07-30,19.27,15.70,79.75,0.65,3.57,23.43,0.12,211,7,15.30,-0.47,-0.88,10.85,0
2021-07-31,19.43,15.93,80.25,0.78,3.50,19.75,0.95,212,7,12.78,-0.49,-0.87,15.30,0
2021-08-01,18.52,16.70,89.00,0.40,1.82,20.12,0.38,213,8,12.72,-0.50,-0.87,12.78,0
2021-08-02,18.88,14.32,74.75,0.10,4.55,20.95,0.00,214,8,10.70,-0.52,-0.86,12.72,0
2021-08-03,17.55,14.30,81.25,0.00,3.25,20.10,0.00,215,8,9.45,-0.53,-0.85,10.70,0
2021-08-04,20.55,15.80,74.25,0.00,4.75,24.75,0.89,216,8,14.18,-0.55,-0.84,9.45,0
2021-08-05,23.20,21.62,91.00,0.00,1.57,24.12,0.00,217,8,16.82,-0.56,-0.83,14.18,0
2021-08-06,20.45,16.15,76.25,1.00,4.30,22.20,0.06,218,8,15.30,-0.57,-0.82,16.82,0
2021-08-07,16.77,15.22,90.75,0.00,1.55,22.67,0.51,219,8,15.22,-0.59,-0.81,15.30,0
2021-08-08,18.38,13.45,73.00,0.90,4.93,20.48,0.00,220,8,13.47,-0.60,-0.80,15.22,0
2021-08-09,17.93,15.38,85.00,0.10,2.55,20.52,0.76,221,8,14.45,-0.62,-0.79,13.47,0
2021-08-10,20.70,15.65,73.00,0.53,5.05,21.88,0.00,222,8,10.22,-0.63,-0.78,14.45,0
2021-08-11,22.85,16.90,69.25,0.00,5.95,24.98,0.00,223,8,12.07,-0.64,-0.77,10.22,0
2021-08-12,23.82,19.98,79.00,0.00,3.85,25.68,0.00,224,8,14.32,-0.66,-0.76,12.07,0
2021-08-13,20.38,15.65,74.25,0.40,4.72,22.90,0.00,225,8,13.30,-0.67,-0.74,14.32,0
2021-08-14,22.00,16.43,70.50,0.40,5.57,23.52,0.00,226,8,13.22,-0.68,-0.73,13.30,0
2021-08-15,23.70,18.30,72.00,0.00,5.40,25.50,0.00,227,8,15.95,-0.69,-0.72,13.22,0
2021-08-16,15.70,10.43,71.00,1.43,5.28,17.93,0.06,228,8,11.70,-0.71,-0.71,15.95,0
2021-08-17,14.93,13.83,93.00,0.10,1.10,16.85,1.71,229,8,14.80,-0.72,-0.70,11.70,0
2021-08-18,17.75,15.03,84.00,0.40,2.72,19.65,0.00,230,8,16.25,-0.73,-0.68,14.80,0
2021-08-19,16.62,15.18,91.00,0.30,1.45,18.05,0.06,231,8,14.10,-0.74,-0.67,16.25,0
2021-08-20,21.23,17.77,80.75,0.20,3.45,23.82,0.00,232,8,12.12,-0.75,-0.66,14.10,0
2021-08-21,23.62,19.93,80.00,0.00,3.70,25.12,0.06,233,8,17.15,-0.76,-0.65,12.12,0
2021-08-22,19.15,17.52,90.25,0.10,1.62,21.40,1.32,234,8,16.27,-0.77,-0.63,17.15,0
2021-08-23,20.57,15.55,73.00,0.20,5.02,22.90,0.00,235,8,11.93,-0.79,-0.62,16.27,0
2021-08-24,20.40,13.70,65.50,0.40,6.70,22.93,0.00,236,8,9.00,-0.80,-0.61,11.93,0
2021-08-25,18.52,14.80,79.00,0.88,3.72,22.88,0.00,237,8,14.35,-0.81,-0.59,9.00,0
2021-08-26,17.10,15.05,87.75,0.10,2.05,20.43,0.06,238,8,10.72,-0.82,-0.58,14.35,0
2021-08-27,17.23,13.65,79.50,0.65,3.58,19.52,0.25,239,8,12.78,-0.83,-0.56,10.72,0
2021-08-28,17.50,13.95,79.75,0.65,3.55,20.12,0.06,240,8,13.60,-0.84,-0.55,12.78,0
2021-08-29,17.68,16.35,92.00,0.20,1.32,17.95,0.12,241,8,15.65,-0.85,-0.53,13.60,0
2021-08-30,19.73,16.32,80.75,0.00,3.40,22.38,0.00,242,8,14.45,-0.85,-0.52,15.65,0
2021-08-31,17.70,14.62,82.25,0.78,3.07,21.88,0.00,243,8,14.60,-0.86,-0.50,14.45,0
2021-09-01,18.05,15.20,83.25,0.00,2.85,19.27,0.00,244,9,14.93,-0.87,-0.49,14.60,0
2021-09-02,20.20,15.70,75.25,0.00,4.50,22.98,0.00,245,9,11.28,-0.88,-0.47,14.93,0
2021-09-03,21.40,16.98,76.00,0.00,4.42,24.80,0.00,246,9,12.05,-0.89,-0.46,11.28,0
2021-09-04,19.95,15.78,77.00,0.00,4.17,22.88,0.00,247,9,10.22,-0.90,-0.44,12.05,0
2021-09-05,21.23,16.08,72.50,0.00,5.15,25.15,0.00,248,9,8.45,-0.90,-0.43,10.22,0
2021-09-06,22.35,17.93,76.25,0.00,4.43,24.73,0.00,249,9,12.78,-0.91,-0.41,8.45,0
2021-09-07,23.02,18.05,73.50,0.10,4.97,26.62,0.00,250,9,12.35,-0.92,-0.40,12.78,0
2021-09-08,23.73,19.00,75.00,0.00,4.73,27.75,0.00,251,9,13.07,-0.92,-0.38,12.35,0
2021-09-09,23.55,20.10,81.00,0.00,3.45,27.00,0.00,252,9,17.77,-0.93,-0.37,13.07,0
2021-09-10,20.85,19.32,91.00,0.00,1.53,23.30,1.33,253,9,15.55,-0.94,-0.35,17.77,0
2021-09-11,19.30,17.65,90.00,0.10,1.65,21.07,0.06,254,9,13.25,-0.94,-0.33,15.55,0
2021-09-12,18.80,15.45,81.00,0.10,3.35,21.45,0.00,255,9,9.10,-0.95,-0.32,13.25,0
2021-09-13,18.32,15.30,82.50,0.00,3.02,21.07,0.00,256,9,11.03,-0.95,-0.30,9.10,0
2021-09-14,19.93,18.23,90.00,0.00,1.70,23.00,0.25,257,9,16.82,-0.96,-0.28,11.03,0
2021-09-15,18.00,15.85,87.25,0.65,2.15,20.27,0.00,258,9,12.75,-0.96,-0.27,16.82,0
2021-09-16,17.75,14.68,82.25,0.00,3.07,21.05,0.00,259,9,11.18,-0.97,-0.25,12.75,0
2021-09-17,18.93,16.62,86.50,0.00,2.30,22.00,0.00,260,9,9.62,-0.97,-0.23,11.18,0
2021-09-18,18.10,14.90,81.50,0.00,3.20,22.48,0.00,261,9,10.50,-0.98,-0.22,9.62,0
2021-09-19,16.85,13.75,82.00,0.10,3.10,21.30,0.00,262,9,7.53,-0.98,-0.20,10.50,0
2021-09-20,13.60,9.80,77.75,0.00,3.80,18.48,0.00,263,9,4.80,-0.98,-0.18,7.53,0
2021-09-21,15.75,12.22,79.75,0.00,3.53,19.23,0.00,264,9,6.00,-0.99,-0.17,4.80,0
2021-09-22,16.07,12.62,79.75,0.00,3.45,21.43,0.00,265,9,8.75,-0.99,-0.15,6.00,0
2021-09-23,17.35,14.57,84.00,0.40,2.78,19.48,0.00,266,9,14.85,-0.99,-0.13,8.75,0
2021-09-24,18.52,15.43,82.25,0.10,3.10,21.10,0.00,267,9,15.43,-0.99,-0.12,14.85,0
2021-09-25,18.35,15.70,84.50,0.00,2.65,20.48,0.00,268,9,11.62,-1.00,-0.10,15.43,0
2021-09-26,19.32,16.95,86.25,0.00,2.38,23.12,0.00,269,9,14.67,-1.00,-0.08,11.62,0
2021-09-27,15.07,12.95,87.25,0.53,2.12,19.88,0.25,270,9,8.00,-1.00,-0.06,14.67,0
2021-09-28,14.97,11.78,81.25,0.00,3.20,19.68,0.00,271,9,11.25,-1.00,-0.05,8.00,0
2021-09-29,10.40,8.80,90.00,0.85,1.60,13.68,0.81,272,9,8.12,-1.00,-0.03,11.25,0
2021-09-30,12.93,9.82,81.50,0.30,3.10,14.82,0.00,273,9,11.13,-1.00,-0.01,8.12,0
2021-10-01,14.18,11.95,86.50,0.30,2.23,16.97,0.44,274,10,12.40,-1.00,0.00,11.13,0
2021-10-02,15.22,12.30,82.50,0.65,2.92,17.27,0.50,275,10,13.93,-1.00,0.02,12.40,0
2021-10-03,12.18,11.07,93.00,0.00,1.10,14.12,0.44,276,10,10.85,-1.00,0.04,13.93,0
2021-10-04,14.18,10.90,80.75,0.00,3.28,18.32,0.06,277,10,10.40,-1.00,0.06,10.85,0
2021-10-05,13.03,11.75,92.00,0.20,1.28,17.65,1.20,278,10,10.55,-1.00,0.07,10.40,0
2021-10-06,11.93,10.40,90.50,0.00,1.53,14.95,0.44,279,10,7.15,-1.00,0.09,10.55,0
2021-10-07,11.55,9.78,89.00,0.00,1.78,16.07,0.00,280,10,6.20,-0.99,0.11,7.15,0
2021-10-08,12.57,9.88,83.75,0.00,2.70,18.10,0.00,281,10,6.30,-0.99,0.12,6.20,0
2021-10-09,11.40,8.75,83.75,0.00,2.65,17.38,0.00,282,10,2.82,-0.99,0.14,6.30,0
2021-10-10,13.38,11.30,87.25,0.00,2.07,16.20,0.00,283,10,7.83,-0.99,0.16,2.82,0
2021-10-11,11.20,8.70,84.50,0.00,2.50,15.38,0.00,284,10,8.57,-0.98,0.18,7.83,0
2021-10-12,9.25,7.05,86.00,0.00,2.20,13.80,0.06,285,10,5.97,-0.98,0.19,8.57,0
2021-10-13,11.55,9.18,85.25,0.00,2.38,14.17,0.00,286,10,10.93,-0.98,0.21,5.97,0
2021-10-14,14.23,12.23,88.00,0.43,2.00,15.30,0.00,287,10,12.20,-0.97,0.23,10.93,0
2021-10-15,8.32,5.75,83.75,0.00,2.57,14.52,0.06,288,10,2.35,-0.97,0.24,12.20,0
2021-10-16,9.18,6.92,86.00,0.00,2.25,14.05,0.00,289,10,7.83,-0.97,0.26,2.35,0
2021-10-17,11.45,9.53,88.00,0.00,1.92,14.18,0.00,290,10,5.75,-0.96,0.28,7.83,0
2021-10-18,12.28,10.30,88.00,0.00,1.97,14.93,0.00,291,10,12.03,-0.96,0.29,5.75,0
2021-10-19,17.07,15.85,92.75,0.40,1.22,17.98,0.00,292,10,14.72,-0.95,0.31,12.03,0
2021-10-20,15.95,14.43,90.50,1.10,1.53,17.25,1.33,293,10,10.53,-0.95,0.33,14.72,0
2021-10-21,7.65,5.50,86.25,0.43,2.15,11.90,0.38,294,10,6.20,-0.94,0.34,10.53,0
2021-10-22,9.45,8.20,92.00,0.20,1.25,12.22,0.32,295,10,1.57,-0.93,0.36,6.20,0
2021-10-23,8.60,6.70,87.75,0.00,1.90,12.68,0.00,296,10,0.95,-0.93,0.37,1.57,0
2021-10-24,7.50,5.12,85.00,0.00,2.38,13.45,0.00,297,10,3.83,-0.92,0.39,0.95,0
2021-10-25,12.68,11.07,90.00,0.00,1.60,14.20,0.00,298,10,11.18,-0.91,0.41,3.83,0
2021-10-26,13.10,11.15,88.25,0.30,1.95,14.43,0.00,299,10,12.90,-0.91,0.42,11.18,0
2022-01-01,13.00,10.89,87.00,1.75,2.11,14.00,0.00,1,1,12.00,0.02,1.00,12.90,0
2022-01-02,12.00,9.77,86.25,1.25,2.23,13.00,0.10,2,1,10.50,0.03,1.00,12.00,0
2022-01-03,9.75,7.60,86.50,2.00,2.15,11.25,0.00,3,1,8.00,0.05,1.00,10.50,0
2022-01-04,5.00,3.46,89.75,0.00,1.54,8.75,0.30,4,1,3.00,0.07,1.00,8.00,0
2022-01-05,6.00,4.24,88.50,4.50,1.76,6.75,0.10,5,1,1.00,0.09,1.00,3.00,0
2022-01-06,4.00,2.11,87.50,5.25,1.89,7.00,0.00,6,1,3.00,0.10,0.99,1.00,0
2022-01-07,3.00,1.32,88.75,2.50,1.68,7.00,0.05,7,1,1.00,0.12,0.99,3.00,0
2022-01-08,5.25,3.74,90.00,11.00,1.51,5.00,1.25,8,1,5.00,0.14,0.99,1.00,0
2022-01-09,3.75,2.10,89.00,0.00,1.65,7.75,0.00,9,1,-2.00,0.15,0.99,5.00,1
2022-01-10,1.25,-0.21,90.00,2.25,1.46,6.00,0.00,10,1,0.00,0.17,0.99,-2.00,1
2022-01-11,2.25,-0.14,84.25,0.00,2.39,3.67,0.00,11,1,2.00,0.19,0.98,0.00,0
2022-01-12,3.00,1.79,91.75,2.00,1.21,4.50,0.00,12,1,2.00,0.21,0.98,2.00,0
2022-01-13,4.00,3.64,97.50,3.50,0.36,4.00,0.00,13,1,3.00,0.22,0.98,2.00,0
2022-01-14,4.00,3.71,98.00,0.00,0.29,4.00,0.00,14,1,3.00,0.24,0.97,3.00,0
2022-01-15,1.50,1.08,97.00,3.00,0.42,3.00,0.00,15,1,1.00,0.26,0.97,3.00,0
2022-01-16,6.00,5.26,95.00,5.00,0.74,6.00,0.10,16,1,4.00,0.27,0.96,1.00,0
2022-01-17,8.00,6.05,87.50,4.75,1.95,9.00,0.00,17,1,4.25,0.29,0.96,4.00,0
2022-01-18,1.75,1.40,97.50,0.00,0.35,6.50,0.00,18,1,-0.75,0.30,0.95,4.25,1
2022-01-19,6.00,5.30,95.25,4.50,0.70,5.50,0.20,19,1,3.00,0.32,0.95,-0.75,0
2022-01-20,2.00,0.18,87.75,6.00,1.82,5.25,0.05,20,1,-0.75,0.34,0.94,3.00,1
2022-01-21,5.00,3.38,89.25,5.75,1.62,6.00,0.00,21,1,5.00,0.35,0.94,-0.75,0
2022-01-22,6.00,4.95,93.00,4.00,1.05,7.00,0.00,22,1,4.25,0.37,0.93,5.00,0
2022-01-23,5.75,3.75,87.00,0.00,2.00,7.00,0.00,23,1,4.00,0.39,0.92,4.25,0
2022-01-24,4.25,1.74,83.75,0.00,2.51,5.00,0.00,24,1,3.00,0.40,0.92,4.00,0
2022-01-25,3.00,0.31,82.50,0.50,2.69,4.00,0.00,25,1,2.00,0.42,0.91,3.00,0
2022-01-26,4.00,2.19,88.00,7.50,1.81,4.50,0.00,26,1,4.00,0.43,0.90,2.00,0
2022-01-27,7.50,4.88,83.50,11.25,2.62,9.00,0.10,27,1,2.00,0.45,0.89,4.00,0
2022-01-28,6.75,4.61,86.25,7.50,2.14,8.50,0.00,28,1,6.00,0.46,0.89,2.00,0
2022-01-29,10.00,5.43,73.25,15.00,4.57,11.00,0.00,29,1,4.25,0.48,0.88,6.00,0
2022-01-30,3.00,-0.38,78.50,1.25,3.38,8.00,0.00,30,1,3.00,0.49,0.87,4.25,0
2022-01-31,5.00,2.48,83.75,17.75,2.52,6.00,0.65,31,1,2.00,0.51,0.86,3.00,0
2022-02-01,9.25,6.02,80.25,13.25,3.23,9.00,0.30,32,2,6.75,0.52,0.85,2.00,0
2022-02-02,8.00,6.42,89.75,3.50,1.58,10.00,0.00,33,2,7.25,0.54,0.84,6.75,0
2022-02-03,7.00,5.63,91.00,6.75,1.37,8.00,0.05,34,2,7.00,0.55,0.83,7.25,0
2022-02-04,3.75,2.10,89.00,7.50,1.65,9.00,1.40,35,2,3.75,0.57,0.82,7.00,0
2022-02-05,7.50,3.30,74.75,12.50,4.20,8.00,1.20,36,2,6.00,0.58,0.81,3.75,0
2022-02-06,5.00,3.14,87.75,12.50,1.86,8.25,2.40,37,2,3.50,0.59,0.80,6.00,0
2022-02-07,5.50,1.83,77.25,7.00,3.67,8.00,0.00,38,2,5.00,0.61,0.79,3.50,0
2022-02-08,10.00,6.48,78.75,10.50,3.52,11.00,0.00,39,2,8.00,0.62,0.78,5.00,0
2022-02-09,8.50,7.27,92.00,3.00,1.23,10.00,0.00,40,2,7.00,0.64,0.77,8.00,0
2022-02-10,6.00,2.59,78.75,3.00,3.41,8.00,0.00,41,2,4.00,0.65,0.76,7.00,0
2022-02-11,3.00,-0.21,79.50,0.00,3.21,7.25,0.00,42,2,-3.50,0.66,0.75,4.00,1
2022-02-12,3.25,-2.30,67.00,3.00,5.55,8.00,0.00,43,2,0.75,0.67,0.74,-3.50,0
2022-02-13,9.00,2.66,64.50,11.00,6.34,10.00,0.00,44,2,8.75,0.69,0.73,0.75,0
2022-02-14,8.00,4.53,78.75,7.00,3.47,10.75,0.05,45,2,6.00,0.70,0.71,8.75,0
2022-02-15,8.00,6.30,89.00,12.25,1.70,9.25,1.85,46,2,7.75,0.71,0.70,6.00,0
2022-02-16,12.00,10.66,91.50,18.25,1.34,13.00,1.10,47,2,8.00,0.72,0.69,7.75,0
2022-02-17,7.00,1.80,69.50,6.25,5.20,10.00,0.05,48,2,6.50,0.74,0.68,8.00,0
2022-02-18,7.75,1.35,64.00,32.75,6.40,12.00,0.65,49,2,5.00,0.75,0.66,6.50,0
2022-02-19,4.75,2.60,86.00,13.25,2.15,8.00,2.05,50,2,4.00,0.76,0.65,5.00,0
2022-02-20,10.00,8.80,92.25,16.00,1.20,10.00,7.75,51,2,4.50,0.77,0.64,4.00,0
2022-02-21,7.00,3.96,81.00,13.75,3.04,7.00,1.30,52,2,4.00,0.78,0.63,4.50,0
2022-02-22,8.50,5.50,81.50,13.50,3.00,10.00,1.35,53,2,3.50,0.79,0.61,4.00,0
2022-02-23,9.00,2.93,65.75,5.25,6.07,12.00,0.00,54,2,7.00,0.80,0.60,3.50,0
2022-02-24,4.25,0.71,77.75,10.75,3.54,11.00,0.50,55,2,2.00,0.81,0.58,7.00,0
2022-02-25,5.00,1.79,79.75,4.00,3.21,7.00,0.20,56,2,-3.00,0.82,0.57,2.00,1
2022-02-26,2.25,0.47,88.00,2.00,1.78,8.75,0.00,57,2,-1.00,0.83,0.56,-3.00,1
2022-02-27,5.75,-1.71,58.75,4.50,7.46,10.00,0.00,58,2,-2.00,0.84,0.54,-1.00,1
2022-02-28,4.25,-2.24,62.75,2.00,6.49,11.00,0.00,59,2,0.25,0.85,0.53,-2.00,0
2022-03-01,7.00,1.02,65.75,0.00,5.98,9.00,0.00,60,3,-0.25,0.86,0.51,0.25,1
2022-03-02,4.50,-3.74,55.25,0.00,8.24,11.25,0.00,61,3,-1.00,0.87,0.50,-0.25,1
2022-03-03,5.75,-2.37,56.00,2.25,8.12,12.00,0.00,62,3,-0.75,0.88,0.48,-1.00,1
2022-03-04,4.75,-2.26,60.50,3.25,7.01,10.75,0.00,63,3,-3.00,0.88,0.47,-0.75,1
2022-03-05,3.75,-1.68,67.75,2.00,5.43,9.00,0.00,64,3,-2.00,0.89,0.45,-3.00,1
2022-03-06,2.50,-3.53,64.50,2.50,6.03,7.00,0.00,65,3,-5.75,0.90,0.44,-2.00,1
2022-03-07,4.00,-1.89,65.50,3.00,5.89,8.00,0.00,66,3,-1.25,0.91,0.42,-5.75,1
2022-03-08,7.50,-4.85,41.25,2.75,12.35,11.00,0.00,67,3,-3.75,0.91,0.41,-1.25,1
2022-03-09,7.25,-2.04,51.75,2.50,9.29,14.00,0.00,68,3,-2.50,0.92,0.39,-3.75,1
2022-03-10,10.00,-2.52,41.50,2.75,12.52,16.00,0.00,69,3,2.25,0.93,0.37,-2.50,0
2022-03-11,12.00,-0.70,41.50,8.50,12.70,15.25,0.00,70,3,8.00,0.93,0.36,2.25,0
2022-03-12,11.50,4.97,64.25,4.50,6.53,15.75,0.00,71,3,7.50,0.94,0.34,8.00,0
2022-03-13,12.50,3.82,55.50,2.00,8.68,16.75,0.00,72,3,9.00,0.95,0.33,7.50,0
2022-03-14,9.50,5.08,74.00,0.00,4.42,13.50,0.00,73,3,2.00,0.95,0.31,9.00,0
2022-03-15,7.75,4.05,77.50,0.00,3.70,13.00,0.00,74,3,0.50,0.96,0.29,2.00,0
2022-03-16,12.00,5.05,62.50,9.00,6.95,13.75,0.00,75,3,7.75,0.96,0.28,0.50,0
2022-03-17,7.25,0.93,64.25,0.50,6.32,12.75,0.00,76,3,-3.00,0.97,0.26,7.75,1
2022-03-18,11.50,3.57,58.25,3.25,7.93,15.75,0.00,77,3,3.50,0.97,0.24,-3.00,0
2022-03-19,9.25,-1.50,47.00,9.25,10.75,13.75,0.00,78,3,3.75,0.97,0.23,3.50,0
2022-03-20,6.25,-0.57,61.75,1.25,6.82,9.50,0.00,79,3,-3.00,0.98,0.21,3.75,1
2022-03-21,12.50,5.57,62.75,0.50,6.93,18.00,0.00,80,3,2.50,0.98,0.19,-3.00,0
2022-03-22,13.50,2.44,47.25,0.00,11.06,20.00,0.00,81,3,0.00,0.98,0.18,2.50,1
2022-03-23,13.25,0.19,41.00,0.00,13.06,20.00,0.00,82,3,-1.00,0.99,0.16,0.00,1
2022-03-24,13.75,4.64,54.25,2.50,9.11,19.75,0.00,83,3,0.00,0.99,0.14,-1.00,1
2022-03-25,12.50,2.45,50.50,0.50,10.05,17.75,0.00,84,3,0.25,0.99,0.12,0.00,0
2022-03-26,14.00,5.97,58.50,5.00,8.03,20.00,0.00,85,3,6.00,0.99,0.11,0.25,0
2022-03-27,15.25,3.98,47.00,5.00,11.27,18.00,0.00,86,3,2.00,1.00,0.09,6.00,0
2022-03-28,13.00,5.09,58.75,2.50,7.91,16.00,0.00,87,3,5.00,1.00,0.07,2.00,0
2022-03-29,12.00,2.70,53.00,5.25,9.30,14.25,0.00,88,3,0.50,1.00,0.06,5.00,0
2022-03-30,8.75,0.87,57.75,4.00,7.88,11.75,0.00,89,3,0.25,1.00,0.04,0.50,0
2022-03-31,2.00,0.84,92.00,3.50,1.16,3.00,0.35,90,3,0.00,1.00,0.02,0.25,1
2022-04-01,3.00,-0.61,77.25,9.00,3.61,4.00,0.05,91,4,0.00,1.00,0.00,0.00,1
2022-04-02,4.00,-2.63,62.00,5.50,6.63,6.25,0.00,92,4,-1.00,1.00,-0.01,0.00,1
2022-04-03,5.50,1.88,77.75,3.25,3.62,7.50,0.05,93,4,2.00,1.00,-0.03,-1.00,0
2022-04-04,8.00,7.25,95.00,9.50,0.75,7.50,2.85,94,4,7.00,1.00,-0.05,2.00,0
2022-04-05,10.75,9.26,90.50,11.00,1.49,11.75,0.40,95,4,9.00,1.00,-0.06,7.00,0
2022-04-06,9.00,7.49,90.25,12.50,1.51,10.00,1.70,96,4,9.00,1.00,-0.08,9.00,0
2022-04-07,7.50,4.21,79.75,17.75,3.29,11.00,0.35,97,4,3.25,1.00,-0.10,9.00,0
2022-04-08,7.50,1.39,65.25,8.50,6.11,9.00,0.00,98,4,3.00,0.99,-0.12,3.25,0
2022-04-09,6.50,2.14,73.75,11.25,4.36,8.75,0.20,99,4,-0.75,0.99,-0.13,3.00,1
2022-04-10,11.50,-0.81,42.75,1.50,12.31,12.50,0.00,100,4,-0.75,0.99,-0.15,-0.75,1
2022-04-11,13.75,2.77,47.50,5.25,10.98,15.00,0.00,101,4,6.00,0.99,-0.17,-0.75,0
2022-04-12,20.50,8.72,46.75,2.00,11.78,22.00,0.00,102,4,7.75,0.98,-0.18,6.00,0
2022-04-13,14.00,11.87,87.00,1.25,2.13,16.00,0.00,103,4,7.00,0.98,-0.20,7.75,0
2022-04-14,16.75,8.11,56.75,7.25,8.64,19.00,0.00,104,4,6.50,0.98,-0.22,7.00,0
2022-04-15,10.25,5.96,74.75,4.75,4.29,12.00,0.00,105,4,4.00,0.97,-0.23,6.50,0
2022-04-16,14.50,0.51,38.50,6.00,13.99,16.00,0.00,106,4,2.00,0.97,-0.25,4.00,0
2022-04-17,17.50,1.22,33.50,4.50,16.28,18.75,0.00,107,4,2.00,0.96,-0.27,2.00,0
2022-04-18,19.00,3.06,34.75,2.75,15.94,21.00,0.00,108,4,2.00,0.96,-0.28,2.00,0
2022-04-19,16.50,2.30,38.50,6.25,14.20,19.75,0.00,109,4,3.00,0.95,-0.30,2.00,0
2022-04-20,16.50,4.59,45.25,7.50,11.91,18.00,0.00,110,4,2.00,0.95,-0.32,3.00,0
2022-04-21,15.50,5.88,52.75,8.50,9.62,18.00,0.00,111,4,8.50,0.94,-0.33,2.00,0
2022-04-22,15.50,6.22,54.00,10.50,9.28,17.25,0.00,112,4,9.75,0.94,-0.35,8.50,0
2022-04-23,16.75,5.59,47.75,9.25,11.16,19.00,0.00,113,4,8.00,0.93,-0.37,9.75,0
2022-04-24,15.75,3.50,44.00,7.00,12.25,18.25,0.00,114,4,3.50,0.92,-0.38,8.00,0
2022-04-25,10.25,6.86,79.50,4.75,3.39,10.50,0.20,115,4,7.00,0.92,-0.40,3.50,0
2022-04-26,12.75,2.43,49.50,9.00,10.32,15.75,0.00,116,4,0.00,0.91,-0.41,7.00,1
2022-04-27,13.75,4.19,52.50,5.50,9.56,16.75,0.00,117,4,1.75,0.90,-0.43,0.00,0
2022-04-28,16.00,5.05,48.25,3.25,10.95,19.00,0.00,118,4,5.00,0.90,-0.44,1.75,0
2022-04-29,12.50,4.32,57.50,5.75,8.18,15.50,0.00,119,4,2.75,0.89,-0.46,5.00,0
2022-04-30,12.00,5.11,62.75,3.00,6.89,13.00,0.00,120,4,6.00,0.88,-0.47,2.75,0
2022-05-01,14.00,3.80,50.25,1.50,10.20,16.50,0.00,121,5,1.00,0.87,-0.49,6.00,0
2022-05-02,17.50,4.98,43.75,6.50,12.52,20.25,0.00,122,5,2.00,0.86,-0.50,1.00,0
2022-05-03,13.50,7.81,68.50,4.00,5.69,17.25,0.00,123,5,6.00,0.85,-0.52,2.00,0
2022-05-04,18.00,5.78,44.75,3.50,12.22,20.00,0.00,124,5,4.00,0.85,-0.53,6.00,0
2022-05-05,18.75,8.89,52.75,2.75,9.86,22.00,0.00,125,5,7.25,0.84,-0.55,4.00,0
2022-05-06,21.50,10.55,49.75,3.00,10.95,23.00,0.00,126,5,8.75,0.83,-0.56,7.25,0
2022-05-07,17.00,11.04,68.00,4.00,5.96,21.75,0.10,127,5,8.25,0.82,-0.58,8.75,0
2022-05-08,19.50,2.42,32.25,3.50,17.08,21.50,0.00,128,5,3.00,0.81,-0.59,8.25,0
2022-05-09,25.50,9.71,37.00,1.00,15.79,26.25,0.00,129,5,8.25,0.80,-0.61,3.00,0
2022-05-10,19.00,8.83,51.75,3.50,10.17,24.25,0.00,130,5,14.00,0.79,-0.62,8.25,0
2022-05-11,20.50,9.86,50.75,8.00,10.64,23.00,0.05,131,5,8.00,0.77,-0.63,14.00,0
2022-05-12,19.25,6.75,44.25,4.75,12.50,21.00,0.00,132,5,9.25,0.76,-0.65,8.00,0
2022-05-13,19.25,9.20,52.25,6.50,10.05,20.00,0.00,133,5,8.00,0.75,-0.66,9.25,0
2022-05-14,22.75,9.67,43.50,1.00,13.08,24.25,0.00,134,5,9.00,0.74,-0.67,8.00,0
2022-05-15,25.50,7.00,30.75,3.50,18.50,27.00,0.00,135,5,13.00,0.73,-0.68,9.00,0
2022-05-16,19.75,13.15,65.75,6.50,6.60,25.00,0.05,136,5,10.00,0.72,-0.70,13.00,0
2022-05-17,23.50,14.69,57.75,5.00,8.81,25.75,0.00,137,5,11.75,0.71,-0.71,10.00,0
2022-05-18,26.50,16.77,55.25,2.75,9.73,27.75,0.00,138,5,16.00,0.69,-0.72,11.75,0
2022-05-19,19.25,16.24,82.75,7.00,3.01,26.25,3.10,139,5,7.25,0.68,-0.73,16.00,0
2022-05-20,13.75,12.22,90.50,6.50,1.53,20.25,1.60,140,5,11.00,0.67,-0.74,7.25,0
2022-05-21,18.00,10.17,60.25,4.50,7.83,19.00,0.00,141,5,5.25,0.66,-0.76,11.00,0
2022-05-22,21.75,10.32,48.25,3.50,11.43,24.00,0.00,142,5,13.00,0.64,-0.77,5.25,0
2022-05-23,17.75,15.77,88.25,3.50,1.98,24.50,2.90,143,5,12.00,0.63,-0.78,13.00,0
2022-05-24,15.75,9.95,68.50,4.00,5.80,17.00,0.10,144,5,8.50,0.62,-0.79,12.00,0
2022-05-25,16.00,8.95,63.00,7.50,7.05,18.00,0.00,145,5,13.50,0.60,-0.80,8.50,0
2022-05-26,18.25,12.51,69.25,6.00,5.74,20.25,0.00,146,5,12.00,0.59,-0.81,13.50,0
2022-05-27,15.50,6.15,53.75,7.50,9.35,17.25,0.00,147,5,10.00,0.57,-0.82,12.00,0
2022-05-28,15.00,5.00,51.25,7.00,10.00,17.25,0.00,148,5,7.25,0.56,-0.83,10.00,0
2022-05-29,12.00,6.69,70.00,4.50,5.31,14.25,0.00,149,5,5.00,0.55,-0.84,7.25,0
2022-05-30,16.25,6.35,52.00,1.00,9.90,18.25,0.00,150,5,5.25,0.53,-0.85,5.00,0
2022-05-31,15.75,9.94,68.50,1.75,5.81,20.25,1.15,151,5,9.25,0.52,-0.86,5.25,0
2022-06-01,15.50,8.54,63.25,4.00,6.96,17.00,0.05,152,6,4.00,0.50,-0.87,9.25,0
2022-06-02,20.75,7.79,43.25,2.50,12.96,22.50,0.00,153,6,9.00,0.49,-0.87,4.00,0
2022-06-03,22.75,9.07,41.75,5.00,13.68,25.50,0.00,154,6,12.00,0.47,-0.88,9.00,0
2022-06-04,24.25,12.37,47.50,5.00,11.88,25.25,0.00,155,6,14.00,0.46,-0.89,12.00,0
2022-06-05,17.00,16.03,94.00,2.50,0.97,21.50,9.00,156,6,14.00,0.44,-0.90,14.00,0
2022-06-06,13.00,12.02,93.75,5.75,0.98,17.75,1.15,157,6,12.00,0.43,-0.91,14.00,0
2022-06-07,21.00,13.49,62.25,3.50,7.51,22.75,0.00,158,6,13.00,0.41,-0.91,12.00,0
2022-06-08,15.50,14.70,95.00,2.50,0.80,18.25,2.00,159,6,12.25,0.39,-0.92,13.00,0
2022-06-09,21.00,10.58,51.50,3.50,10.42,22.00,0.00,160,6,9.00,0.38,-0.93,12.25,0
2022-06-10,21.00,16.39,75.00,0.00,4.61,22.75,0.00,161,6,14.25,0.36,-0.93,9.00,0
2022-06-11,22.75,11.77,50.00,4.00,10.98,24.75,0.00,162,6,9.00,0.35,-0.94,14.25,0
2022-06-12,21.00,10.61,51.50,3.50,10.39,22.00,0.00,163,6,9.00,0.33,-0.94,9.00,0
2022-06-13,19.50,8.77,50.00,4.50,10.73,20.50,0.00,164,6,5.50,0.31,-0.95,9.00,0
2022-06-14,23.25,9.95,43.00,2.75,13.30,24.75,0.00,165,6,9.00,0.30,-0.95,5.50,0
2022-06-15,26.50,10.41,36.50,2.50,16.09,28.00,0.00,166,6,9.00,0.28,-0.96,9.00,0
2022-06-16,24.50,12.03,45.75,2.50,12.47,28.00,0.00,167,6,12.00,0.26,-0.96,9.00,0
2022-06-17,30.50,15.37,40.00,1.50,15.13,31.00,0.00,168,6,16.50,0.25,-0.97,12.00,0
2022-06-18,28.00,19.09,58.50,3.00,8.91,31.00,0.00,169,6,14.00,0.23,-0.97,16.50,0
2022-06-19,16.00,12.45,79.50,2.75,3.55,17.75,0.30,170,6,11.00,0.21,-0.98,14.00,0
2022-06-20,20.75,10.31,51.25,4.50,10.44,22.25,0.00,171,6,6.00,0.20,-0.98,11.00,0
2022-06-21,20.25,9.18,49.00,1.00,11.07,22.50,0.00,172,6,10.25,0.18,-0.98,6.00,0
2022-06-22,28.25,10.42,33.00,2.75,17.83,29.75,0.00,173,6,13.50,0.16,-0.99,10.25,0
2022-06-23,29.75,16.62,45.25,1.00,13.13,33.75,1.55,174,6,17.00,0.15,-0.99,13.50,0
2022-06-24,21.25,15.72,70.75,1.75,5.53,25.00,0.70,175,6,16.00,0.13,-0.99,17.00,0
2022-06-25,23.00,17.94,73.25,1.50,5.06,23.75,0.10,176,6,15.50,0.11,-0.99,16.00,0
2022-06-26,20.75,13.79,64.50,0.50,6.96,20.00,0.00,177,6,14.25,0.09,-1.00,15.50,0
2022-06-27,17.50,14.94,85.00,2.75,2.56,20.25,2.65,178,6,9.00,0.08,-1.00,14.25,0
2022-07-04,23.00,12.45,51.50,3.00,10.55,24.50,0.00,185,7,10.00,-0.04,-1.00,9.00,0
2022-07-05,19.00,10.85,59.25,5.50,8.15,23.25,0.00,186,7,9.00,-0.06,-1.00,10.00,0
2022-07-06,20.00,12.25,61.00,4.00,7.75,22.75,0.00,187,7,16.00,-0.08,-1.00,9.00,0
2022-07-07,18.50,10.52,59.75,6.00,7.98,19.25,0.00,188,7,12.00,-0.09,-1.00,16.00,0
2022-07-08,23.50,15.28,60.00,4.50,8.22,25.00,0.00,189,7,12.25,-0.11,-0.99,12.00,0
2022-07-09,18.75,11.61,63.25,6.00,7.14,23.75,0.00,190,7,13.00,-0.13,-0.99,12.25,0
2022-07-10,21.00,14.34,65.75,4.00,6.66,22.00,0.00,191,7,16.00,-0.15,-0.99,13.00,0
2022-07-11,25.25,16.32,57.75,2.00,8.93,26.50,0.00,192,7,10.00,-0.16,-0.99,16.00,0
2022-07-12,26.00,19.79,68.75,0.00,6.21,28.00,0.00,193,7,18.00,-0.18,-0.98,10.00,0
2022-07-13,24.75,17.03,62.25,5.50,7.72,28.75,0.00,194,7,9.25,-0.20,-0.98,18.00,0
2022-07-14,21.50,10.78,50.50,2.50,10.72,23.75,0.00,195,7,10.00,-0.21,-0.98,9.25,0
2022-07-15,22.50,12.50,53.25,2.00,10.00,24.00,0.00,196,7,13.25,-0.23,-0.97,10.00,0
2022-07-16,22.25,10.62,47.75,0.00,11.63,24.50,0.00,197,7,8.00,-0.25,-0.97,13.25,0
2022-07-17,25.25,10.29,39.00,0.50,14.96,29.00,0.00,198,7,11.00,-0.26,-0.96,8.00,0
2022-07-18,32.50,15.47,36.00,0.00,17.03,32.75,0.00,199,7,15.00,-0.28,-0.96,11.00,0
2022-07-19,31.25,14.58,36.50,2.25,16.67,32.25,3.75,200,7,16.00,-0.30,-0.95,15.00,0
2022-07-20,27.00,18.69,60.50,2.50,8.31,29.00,0.00,201,7,17.75,-0.31,-0.95,16.00,0
2022-07-21,17.50,16.40,93.25,4.50,1.10,19.00,1.45,202,7,15.00,-0.33,-0.94,17.75,0
2022-07-22,20.25,14.65,70.25,1.00,5.60,22.75,0.00,203,7,11.25,-0.35,-0.94,15.00,0
2022-07-23,25.00,15.60,56.00,0.00,9.40,27.00,0.00,204,7,14.00,-0.36,-0.93,11.25,0
2022-07-24,29.25,18.21,51.50,1.50,11.04,31.00,0.00,205,7,17.25,-0.38,-0.93,14.00,0
2022-07-25,22.00,14.38,62.00,5.00,7.62,25.00,0.00,206,7,17.00,-0.39,-0.92,17.25,0
2022-07-26,18.50,11.73,64.75,2.75,6.77,21.00,0.05,207,7,9.00,-0.41,-0.91,17.00,0
2022-07-27,19.50,11.46,59.75,2.50,8.04,22.75,0.00,208,7,10.00,-0.43,-0.91,9.00,0
2022-07-28,21.00,10.90,52.50,2.00,10.10,22.75,0.00,209,7,13.00,-0.44,-0.90,10.00,0
2022-07-29,24.75,14.07,51.50,2.75,10.68,27.25,0.00,210,7,13.00,-0.46,-0.89,13.00,0
2022-07-30,24.25,14.69,55.25,1.50,9.56,25.75,0.00,211,7,17.00,-0.47,-0.88,13.00,0
2022-07-31,20.50,18.76,89.75,3.50,1.74,23.00,0.15,212,7,17.00,-0.49,-0.87,17.00,0
2022-08-01,22.50,10.45,46.50,2.50,12.05,25.00,0.00,213,8,11.00,-0.50,-0.87,17.00,0
2022-08-02,28.00,17.52,53.00,2.50,10.48,29.25,0.00,214,8,16.00,-0.52,-0.86,11.00,0
2022-08-03,30.00,20.19,55.75,0.50,9.81,32.00,0.00,215,8,16.00,-0.53,-0.85,16.00,0
2022-08-04,25.75,16.93,58.25,3.50,8.82,28.25,0.20,216,8,17.00,-0.55,-0.84,16.00,0
2022-08-05,20.00,10.39,54.00,4.00,9.61,23.50,0.00,217,8,8.00,-0.56,-0.83,17.00,0
2022-08-06,20.25,11.78,58.50,1.00,8.47,24.00,0.00,218,8,9.00,-0.57,-0.82,8.00,0
2022-08-07,23.00,11.23,47.50,2.25,11.77,26.00,0.00,219,8,10.00,-0.59,-0.81,9.00,0
2022-08-08,23.00,13.80,56.25,2.75,9.20,25.00,0.00,220,8,11.75,-0.60,-0.80,10.00,0
2022-08-09,25.75,13.08,45.50,3.00,12.67,28.00,0.00,221,8,14.00,-0.62,-0.79,11.75,0
2022-08-10,28.25,11.96,36.50,2.75,16.29,30.00,0.00,222,8,13.25,-0.63,-0.78,14.00,0
2022-08-11,28.75,12.61,37.00,2.50,16.14,29.75,3.00,223,8,14.75,-0.64,-0.77,13.25,0
2022-08-12,28.75,12.61,37.00,2.00,16.14,30.25,2.65,224,8,13.00,-0.66,-0.76,14.75,0
2022-08-13,27.75,15.15,46.25,2.00,12.60,30.00,2.65,225,8,15.50,-0.67,-0.74,13.00,0
2022-08-14,26.00,20.71,72.75,0.00,5.29,29.50,2.55,226,8,17.00,-0.68,-0.73,15.50,0
2022-08-15,24.75,18.73,69.25,0.00,6.02,27.75,0.00,227,8,15.00,-0.69,-0.72,17.00,0
2022-08-16,26.00,18.40,63.00,1.00,7.60,28.75,0.00,228,8,18.00,-0.71,-0.71,15.00,0
2022-08-17,21.00,19.61,91.75,0.50,1.39,21.75,0.80,229,8,17.25,-0.72,-0.70,18.00,0
2022-08-18,25.00,18.74,68.25,0.50,6.26,26.50,0.00,230,8,14.00,-0.73,-0.68,17.25,0
2022-08-19,21.75,19.67,88.00,0.00,2.08,25.75,0.15,231,8,17.75,-0.74,-0.67,14.00,0
2022-08-20,21.75,14.58,63.75,3.00,7.17,25.50,0.00,232,8,11.00,-0.75,-0.66,17.75,0
2022-08-21,21.00,14.28,65.50,1.50,6.72,25.50,0.00,233,8,15.00,-0.76,-0.65,11.00,0
2022-08-22,24.00,13.65,52.50,0.00,10.35,25.50,0.00,234,8,14.00,-0.77,-0.63,15.00,0
2022-08-23,27.50,17.49,54.50,1.50,10.01,30.50,0.00,235,8,15.25,-0.79,-0.62,14.00,0
2022-08-24,29.50,20.49,58.50,0.00,9.01,31.75,0.00,236,8,18.00,-0.80,-0.61,15.25,0
2022-08-25,27.25,20.44,66.50,0.00,6.81,30.75,2.65,237,8,19.00,-0.81,-0.59,18.00,0
2022-08-26,19.75,15.85,78.25,3.00,3.90,21.25,0.00,238,8,13.00,-0.82,-0.58,19.00,0
2022-08-27,20.00,13.22,65.00,2.00,6.78,22.25,0.00,239,8,10.00,-0.83,-0.56,13.00,0
2022-08-28,20.00,11.01,56.25,2.50,8.99,23.50,0.00,240,8,9.00,-0.84,-0.55,10.00,0
2022-08-29,21.50,13.39,60.25,0.00,8.11,23.50,0.00,241,8,13.00,-0.85,-0.53,9.00,0
2022-08-30,21.25,11.42,53.50,2.00,9.83,24.50,0.00,242,8,13.00,-0.85,-0.52,13.00,0
2022-08-31,21.75,11.88,53.50,3.00,9.87,24.00,0.00,243,8,12.00,-0.86,-0.50,13.00,0
2022-09-01,22.50,9.54,43.75,2.50,12.96,25.00,0.00,244,9,14.00,-0.87,-0.49,12.00,0
2022-09-02,23.00,9.73,43.00,2.50,13.27,25.75,0.00,245,9,13.00,-0.88,-0.47,14.00,0
2022-09-03,24.00,12.81,49.75,1.00,11.19,27.00,0.00,246,9,13.00,-0.89,-0.46,13.00,0
2022-09-04,24.50,14.55,54.00,0.00,9.95,28.00,0.00,247,9,13.00,-0.90,-0.44,13.00,0
2022-09-05,25.25,17.53,62.50,0.00,7.72,30.50,0.00,248,9,16.25,-0.90,-0.43,13.00,0
2022-09-06,24.75,17.80,65.50,0.00,6.95,29.25,0.00,249,9,15.50,-0.91,-0.41,16.25,0
2022-09-07,23.00,16.43,66.75,0.00,6.57,26.00,0.00,250,9,16.00,-0.92,-0.40,15.50,0
2022-09-08,18.50,13.82,74.25,1.00,4.68,22.25,1.35,251,9,12.50,-0.92,-0.38,16.00,0
2022-09-09,16.25,15.20,93.50,2.00,1.05,18.00,2.50,252,9,14.00,-0.93,-0.37,12.50,0
2022-09-10,18.00,15.89,87.50,0.50,2.11,20.25,0.45,253,9,11.00,-0.94,-0.35,14.00,0
2022-09-11,20.25,15.72,75.25,0.00,4.53,24.00,0.00,254,9,11.00,-0.94,-0.33,11.00,0
2022-09-12,21.25,16.08,72.50,0.00,5.17,25.00,0.00,255,9,15.25,-0.95,-0.32,11.00,0
2022-09-13,19.25,14.50,74.00,1.50,4.75,25.00,0.00,256,9,14.00,-0.95,-0.30,15.25,0
2022-09-14,16.75,14.07,84.25,0.00,2.68,19.00,0.00,257,9,12.00,-0.96,-0.28,14.00,0
2022-09-15,15.50,10.52,72.25,4.00,4.98,19.00,0.05,258,9,10.75,-0.96,-0.27,12.00,0
2022-09-16,13.00,8.52,74.25,3.00,4.48,16.50,0.05,259,9,8.00,-0.97,-0.25,10.75,0
2022-09-17,13.00,8.27,73.00,4.00,4.73,15.25,0.95,260,9,10.00,-0.97,-0.23,8.00,0
2022-09-18,10.75,9.90,94.50,2.00,0.85,13.00,1.40,261,9,8.00,-0.98,-0.22,10.00,0
2022-09-19,13.00,11.01,87.75,0.00,1.99,14.50,0.90,262,9,8.50,-0.98,-0.20,8.00,0
2022-09-20,13.00,9.14,77.50,0.00,3.86,16.50,0.00,263,9,5.00,-0.98,-0.18,8.50,0
2022-09-21,14.50,9.33,71.25,0.00,5.17,18.75,0.00,264,9,3.25,-0.99,-0.17,5.00,0
2022-09-22,14.50,9.89,74.00,0.00,4.61,20.00,0.00,265,9,6.00,-0.99,-0.15,3.25,0
2022-09-23,14.75,12.38,85.75,0.00,2.37,18.00,0.30,266,9,12.00,-0.99,-0.13,6.00,0
2022-09-24,13.00,12.22,95.00,1.00,0.78,14.00,1.15,267,9,6.00,-0.99,-0.12,12.00,0
2022-09-25,13.25,10.32,82.50,0.00,2.93,17.50,0.00,268,9,9.00,-1.00,-0.10,6.00,0
2022-09-26,12.00,11.22,95.00,2.00,0.78,12.00,1.50,269,9,8.00,-1.00,-0.08,9.00,0
2022-09-27,9.25,8.14,92.75,1.50,1.11,10.75,0.40,270,9,5.25,-1.00,-0.06,8.00,0
2022-09-28,10.00,7.98,87.25,0.00,2.02,15.25,0.05,271,9,3.00,-1.00,-0.05,5.25,0
2022-09-29,12.00,8.65,80.00,0.00,3.35,16.75,0.00,272,9,3.00,-1.00,-0.03,3.00,0
2022-09-30,13.00,9.20,77.75,2.00,3.80,17.25,0.00,273,9,11.00,-1.00,-0.01,3.00,0
2022-10-01,14.25,11.35,82.75,2.00,2.90,17.00,0.05,274,10,12.00,-1.00,0.00,11.00,0
2022-10-02,13.00,9.62,80.00,0.00,3.38,17.50,0.00,275,10,5.00,-1.00,0.02,12.00,0
2022-10-03,13.75,11.14,84.25,0.00,2.61,18.75,0.00,276,10,9.00,-1.00,0.04,5.00,0
2022-10-04,14.50,11.59,82.75,0.00,2.91,19.00,0.00,277,10,14.00,-1.00,0.06,9.00,0
2022-10-05,16.00,12.02,77.25,5.25,3.98,19.50,0.15,278,10,9.25,-1.00,0.07,14.00,0
2022-10-06,12.00,8.23,77.75,0.00,3.77,17.00,0.00,279,10,6.75,-1.00,0.09,9.25,0
2022-10-07,13.50,10.34,81.25,0.00,3.16,19.00,0.00,280,10,10.50,-0.99,0.11,6.75,0
2022-10-08,11.00,7.90,81.25,0.00,3.10,16.25,0.35,281,10,3.00,-0.99,0.12,10.50,0
2022-10-09,11.75,7.40,74.75,0.00,4.35,17.50,0.00,282,10,6.00,-0.99,0.14,3.00,0
2022-10-10,10.50,8.30,86.25,0.00,2.20,17.00,0.05,283,10,2.00,-0.99,0.16,6.00,0
2022-10-11,10.50,7.09,79.50,0.00,3.41,18.00,0.00,284,10,2.00,-0.98,0.18,2.00,0
2022-10-12,11.00,8.39,84.00,0.00,2.61,15.25,0.00,285,10,8.25,-0.98,0.19,2.00,0
2022-10-13,13.00,12.06,94.00,0.00,0.94,15.00,0.75,286,10,10.00,-0.98,0.21,8.25,0
2022-10-14,13.00,12.14,94.50,0.00,0.86,15.00,0.80,287,10,9.25,-0.97,0.23,10.00,0
2022-10-15,12.25,11.07,92.50,0.00,1.18,16.75,0.70,288,10,11.25,-0.97,0.24,9.25,0
2022-10-16,14.50,12.40,87.25,0.00,2.10,19.00,0.05,289,10,12.00,-0.97,0.26,11.25,0
2022-10-17,16.00,15.12,94.50,0.50,0.88,17.00,0.65,290,10,12.00,-0.96,0.28,12.00,0
2022-10-18,11.50,9.02,84.75,0.00,2.48,19.00,0.00,291,10,2.50,-0.96,0.29,12.00,0
2022-10-19,11.00,8.22,83.00,2.75,2.78,15.00,0.00,292,10,7.00,-0.95,0.31,2.50,0
2022-10-20,13.75,12.64,93.00,2.25,1.11,15.00,0.50,293,10,9.25,-0.95,0.33,7.00,0
2022-10-21,14.50,12.83,89.75,0.00,1.67,19.00,0.00,294,10,10.25,-0.94,0.34,9.25,0
2022-10-22,12.00,10.16,88.50,0.00,1.84,18.50,0.00,295,10,9.75,-0.93,0.36,10.25,0
2022-10-23,17.00,14.59,85.75,2.50,2.41,18.00,0.10,296,10,14.00,-0.93,0.37,9.75,0
2022-10-24,12.50,11.03,90.75,0.50,1.47,17.00,1.50,297,10,12.00,-0.92,0.39,14.00,0
2022-10-25,12.00,10.28,89.25,0.00,1.72,17.25,0.00,298,10,7.50,-0.91,0.41,12.00,0
2022-10-26,15.50,13.61,88.50,0.50,1.89,20.00,0.00,299,10,10.00,-0.91,0.42,7.50,0
2022-10-27,16.50,14.50,88.00,0.00,2.00,19.00,0.00,300,10,11.50,-0.90,0.44,10.00,0
2022-10-28,16.25,14.47,89.25,0.00,1.78,21.00,0.00,301,10,10.00,-0.89,0.45,11.50,0
2022-10-29,16.75,14.93,89.00,0.50,1.82,22.00,0.00,302,10,9.00,-0.88,0.47,10.00,0
2022-10-30,14.50,12.83,89.75,0.00,1.67,20.00,0.00,303,10,7.00,-0.88,0.48,9.00,0
2022-10-31,13.00,11.89,93.00,1.50,1.11,17.00,0.00,304,10,12.50,-0.87,0.50,7.00,0
2022-11-01,14.00,9.73,75.50,3.50,4.27,16.00,0.05,305,11,10.75,-0.86,0.51,12.50,0
2022-11-02,11.00,7.91,81.25,2.00,3.09,15.00,0.00,306,11,10.00,-0.85,0.53,10.75,0
2022-11-03,11.75,10.73,93.50,2.25,1.02,15.00,1.25,307,11,7.00,-0.84,0.54,10.00,0
2022-11-04,7.50,6.44,93.00,0.00,1.06,12.00,0.00,308,11,4.00,-0.83,0.56,7.00,0
2022-11-05,10.00,7.93,87.00,2.00,2.07,11.75,0.00,309,11,9.00,-0.82,0.57,4.00,0
2022-11-06,8.00,6.74,91.75,4.50,1.26,12.75,0.80,310,11,8.00,-0.81,0.58,9.00,0
2022-11-07,14.00,11.69,86.00,2.75,2.31,14.00,0.00,311,11,11.00,-0.80,0.60,8.00,0
2022-11-08,13.25,10.24,82.00,3.00,3.01,15.00,0.00,312,11,11.00,-0.79,0.61,11.00,0
2022-11-09,12.00,9.33,83.75,2.75,2.67,14.00,0.00,313,11,8.00,-0.78,0.63,11.00,0
2022-11-10,10.00,8.02,87.50,2.00,1.98,14.75,0.00,314,11,8.75,-0.77,0.64,8.00,0
2022-11-11,4.75,3.37,90.75,0.00,1.38,12.75,0.00,315,11,1.00,-0.76,0.65,8.75,0
2022-11-12,7.00,5.15,88.00,0.00,1.85,15.00,0.00,316,11,1.75,-0.75,0.66,1.00,0
2022-11-13,5.50,4.34,92.25,0.50,1.16,15.50,0.00,317,11,2.00,-0.74,0.68,1.75,0
2022-11-14,4.75,3.79,93.50,0.00,0.96,8.50,0.00,318,11,3.50,-0.72,0.69,2.00,0
2022-11-15,11.75,9.65,87.00,5.00,2.10,12.00,0.55,319,11,9.00,-0.71,0.70,3.50,0
2022-11-16,9.00,7.32,89.25,3.00,1.68,12.50,0.00,320,11,9.00,-0.70,0.71,9.00,0
2022-11-17,9.25,7.15,86.75,3.00,2.10,10.50,0.25,321,11,7.00,-0.69,0.73,9.00,0
2022-11-18,7.50,6.63,94.25,1.25,0.87,10.75,0.00,322,11,1.00,-0.67,0.74,7.00,0
2022-11-19,-3.00,-4.60,88.75,0.00,1.60,3.00,0.00,323,11,-7.00,-0.66,0.75,1.00,1
2022-11-20,3.00,2.28,95.00,3.50,0.72,3.00,2.45,324,11,2.00,-0.65,0.76,-7.00,0
2022-11-21,6.00,4.88,92.50,3.00,1.12,7.00,0.50,325,11,4.00,-0.64,0.77,2.00,0
2022-11-22,7.00,5.94,93.00,3.50,1.06,8.00,0.10,326,11,7.00,-0.62,0.78,4.00,0
2022-11-23,8.00,6.90,92.75,5.00,1.10,10.50,0.60,327,11,7.00,-0.61,0.79,7.00,0
2022-11-24,8.00,6.26,88.75,4.00,1.74,11.75,0.00,328,11,7.25,-0.59,0.80,7.00,0
2022-11-25,7.50,6.36,92.50,2.00,1.14,11.50,0.00,329,11,0.75,-0.58,0.81,7.25,0
2022-11-26,7.50,6.12,91.00,2.75,1.38,10.00,0.00,330,11,5.00,-0.57,0.82,0.75,0
2022-11-27,7.00,5.43,89.75,4.00,1.57,7.00,1.55,331,11,6.00,-0.55,0.83,5.00,0
2022-11-28,9.00,8.24,95.00,0.00,0.76,9.00,0.05,332,11,6.25,-0.54,0.84,6.00,0
2022-11-29,8.00,7.25,95.00,1.50,0.75,9.00,0.00,333,11,2.00,-0.52,0.85,6.25,0
2022-11-30,5.25,4.17,92.75,0.50,1.08,8.50,0.00,334,11,4.75,-0.51,0.86,2.00,0
2022-12-01,5.50,4.03,90.25,1.50,1.47,7.25,0.00,335,12,3.00,-0.49,0.87,4.75,0
2022-12-02,2.00,-0.42,84.00,7.00,2.42,3.00,0.00,336,12,2.00,-0.48,0.88,3.00,0
2022-12-03,0.00,-1.87,87.25,6.00,1.87,1.00,0.00,337,12,0.00,-0.46,0.89,2.00,1
2022-12-04,2.00,0.22,88.00,5.75,1.78,2.00,0.00,338,12,1.75,-0.45,0.89,0.00,0
2022-12-05,5.00,4.27,95.00,1.50,0.73,5.00,0.50,339,12,4.00,-0.43,0.90,1.75,0
2022-12-06,5.00,3.92,92.75,3.00,1.08,6.75,0.20,340,12,0.00,-0.42,0.91,4.00,1
2022-12-07,3.00,1.98,93.00,2.25,1.02,6.00,0.10,341,12,3.00,-0.40,0.92,0.00,0
2022-12-08,2.00,1.10,93.75,2.25,0.90,3.00,0.00,342,12,-0.75,-0.39,0.92,3.00,1
2022-12-09,-2.50,-3.48,93.00,0.00,0.98,3.00,0.00,343,12,-3.00,-0.37,0.93,-0.75,1
2022-12-10,-1.00,-1.56,96.00,2.00,0.56,-1.00,0.00,344,12,-1.00,-0.35,0.94,-3.00,1
2022-12-11,1.00,-0.38,90.50,2.50,1.38,1.00,0.00,345,12,-4.00,-0.34,0.94,-1.00,1
2022-12-12,-5.00,-6.06,92.25,0.00,1.06,1.50,0.00,346,12,-8.00,-0.32,0.95,-4.00,1
2022-12-13,-3.00,-4.48,89.50,2.50,1.48,-2.00,0.00,347,12,-6.25,-0.30,0.95,-8.00,1
2022-12-14,-6.75,-7.90,91.50,0.00,1.15,0.50,0.00,348,12,-8.75,-0.29,0.96,-6.25,1
2022-12-15,-2.50,-3.88,90.25,2.75,1.38,0.75,0.00,349,12,-5.75,-0.27,0.96,-8.75,1
2022-12-16,0.00,-1.00,93.00,0.00,1.00,1.00,0.05,350,12,-1.00,-0.26,0.97,-5.75,1
2022-12-17,-3.00,-4.04,92.50,3.50,1.04,-1.00,0.00,351,12,-8.00,-0.24,0.97,-1.00,1
2022-12-18,0.00,-3.38,78.00,5.00,3.38,0.00,0.00,352,12,0.00,-0.22,0.98,-8.00,1
2022-12-19,10.00,6.89,81.00,7.50,3.11,10.00,0.00,353,12,10.00,-0.21,0.98,0.00,0
2022-12-20,10.00,9.08,94.00,4.00,0.92,10.00,3.05,354,12,7.75,-0.19,0.98,10.00,0
2022-12-21,8.00,6.78,92.00,5.00,1.22,8.00,0.00,355,12,8.00,-0.17,0.99,7.75,0
2022-12-22,8.25,7.46,94.75,3.00,0.79,9.00,1.45,356,12,8.00,-0.15,0.99,8.00,0
2022-12-23,10.00,9.08,94.00,9.75,0.92,9.50,2.00,357,12,8.25,-0.14,0.99,8.00,0
2022-12-24,5.00,4.04,93.50,0.00,0.96,11.00,0.00,358,12,4.25,-0.12,0.99,8.25,0
2022-12-25,8.25,7.50,95.00,0.00,0.75,9.00,1.75,359,12,8.00,-0.10,0.99,4.25,0
2022-12-26,3.25,1.25,86.75,5.50,2.00,7.75,0.00,360,12,3.00,-0.09,1.00,8.00,0
2022-12-27,6.50,4.33,86.00,8.00,2.17,7.00,0.00,361,12,6.00,-0.07,1.00,3.00,0
2022-12-28,9.00,7.61,91.00,11.00,1.39,9.50,0.70,362,12,9.00,-0.05,1.00,6.00,0
2022-12-29,8.00,5.37,83.50,9.00,2.63,10.25,0.10,363,12,4.50,-0.03,1.00,9.00,0
2022-12-30,11.50,10.16,91.50,11.50,1.34,10.25,0.55,364,12,10.25,-0.02,1.00,4.50,0
2022-12-31,15.00,9.78,71.00,10.75,5.22,16.00,0.05,365,12,12.00,0.00,1.00,10.25,0
2023-01-01,11.00,9.00,88.25,4.25,2.00,13.00,1.25,1,1,9.75,0.02,1.00,12.00,0
2023-01-02,7.50,6.25,91.75,3.50,1.25,10.00,0.40,2,1,3.00,0.03,1.00,9.75,0
2023-01-03,8.00,6.00,86.25,8.00,2.00,8.00,0.00,3,1,7.75,0.05,1.00,3.00,0
2023-01-04,12.00,9.00,86.00,11.50,3.00,13.00,0.30,4,1,9.00,0.07,1.00,7.75,0
2023-01-05,10.00,9.00,93.50,4.00,1.00,11.50,0.05,5,1,10.00,0.09,1.00,9.00,0
2023-01-06,9.75,8.25,89.75,2.50,1.50,12.00,0.05,6,1,9.50,0.10,0.99,10.00,0
2023-01-07,9.00,7.00,86.75,8.00,2.00,12.00,0.25,7,1,7.25,0.12,0.99,9.50,0
2023-01-08,7.50,5.00,83.25,4.50,2.50,10.00,0.00,8,1,5.00,0.14,0.99,7.25,0
2023-01-09,6.00,4.75,90.25,5.25,1.25,8.00,0.15,9,1,5.00,0.15,0.99,5.00,0
2023-01-10,6.25,5.00,92.00,12.25,1.25,7.00,1.05,10,1,6.00,0.17,0.99,5.00,0
2023-01-11,9.00,6.00,79.50,10.50,3.00,10.25,1.05,11,1,8.00,0.19,0.98,6.00,0
2023-01-12,10.00,9.00,92.50,11.75,1.00,11.00,4.15,12,1,8.00,0.21,0.98,8.00,0
2023-01-13,7.75,5.75,85.25,9.25,2.00,9.00,0.95,13,1,5.50,0.22,0.98,8.00,0
2023-01-14,11.00,10.00,93.00,12.50,1.00,11.00,2.60,14,1,5.25,0.24,0.97,5.50,0
2023-01-15,5.50,3.00,83.50,11.25,2.50,7.25,0.25,15,1,3.00,0.26,0.97,5.25,0
2023-01-16,4.00,2.75,92.00,6.75,1.25,6.00,0.50,16,1,1.00,0.27,0.96,3.00,0
2023-01-18,3.00,0.00,83.00,9.50,3.00,4.50,0.00,18,1,1.00,0.30,0.95,1.00,0
2023-01-19,1.00,0.00,90.75,5.25,1.00,5.50,0.05,19,1,0.00,0.32,0.95,1.00,1
2023-01-20,1.00,-0.50,88.25,5.00,1.50,2.00,0.00,20,1,-2.00,0.34,0.94,0.00,1
2023-01-21,-1.00,-2.00,92.00,2.75,1.00,3.00,0.00,21,1,-4.00,0.35,0.94,-2.00,1
2023-01-22,1.00,-0.25,90.75,3.50,1.25,1.00,0.00,22,1,1.00,0.37,0.93,-4.00,0
2023-01-23,3.50,1.00,82.00,4.00,2.50,4.00,0.05,23,1,2.00,0.39,0.92,1.00,0
2023-01-24,1.00,-1.00,86.00,3.00,2.00,2.00,0.00,24,1,-1.00,0.40,0.92,2.00,1
2023-01-25,-2.00,-3.00,91.50,2.25,1.00,-1.00,0.00,25,1,-2.00,0.42,0.91,-1.00,1
2023-01-26,6.00,4.00,86.00,5.50,2.00,7.50,0.00,26,1,3.75,0.43,0.90,-2.00,0
2023-01-27,4.00,1.00,82.00,5.25,3.00,5.00,0.00,27,1,1.00,0.45,0.89,3.75,0
2023-01-28,2.00,-1.00,82.00,2.25,3.00,4.25,0.00,28,1,1.00,0.46,0.89,1.00,0
2023-01-29,3.25,1.00,84.75,7.50,2.25,4.00,0.00,29,1,3.00,0.48,0.88,1.00,0
2023-01-30,4.75,2.25,85.75,4.00,2.50,8.00,0.00,30,1,2.00,0.49,0.87,3.00,0
2023-01-31,5.50,3.00,85.75,5.25,2.50,8.00,0.05,31,1,4.00,0.51,0.86,2.00,0
2023-02-01,8.00,5.00,82.25,9.75,3.00,8.00,0.10,32,2,6.25,0.52,0.85,4.00,0
2023-02-02,8.00,6.00,92.25,7.00,2.00,8.00,0.30,33,2,7.50,0.54,0.84,6.25,0
2023-02-03,8.00,6.00,85.75,6.00,2.00,10.75,0.00,34,2,3.00,0.55,0.83,7.50,0
2023-02-04,7.50,6.00,88.25,0.00,1.50,10.25,0.00,35,2,5.50,0.57,0.82,3.00,0
2023-02-05,5.75,3.00,84.00,6.75,2.75,8.00,0.00,36,2,0.50,0.58,0.81,5.50,0
2023-02-06,1.50,0.00,88.75,0.00,1.50,8.00,0.00,37,2,-2.25,0.59,0.80,0.50,1
2023-02-07,-0.75,-2.50,86.75,0.00,1.75,5.00,0.00,38,2,-4.00,0.61,0.79,-2.25,1
2023-02-08,1.00,-5.25,63.50,0.00,6.25,8.00,0.00,39,2,-2.00,0.62,0.78,-4.00,1
2023-02-09,4.00,1.50,81.50,3.00,2.50,5.00,0.00,40,2,-3.25,0.64,0.77,-2.00,1
2023-02-10,6.00,4.00,86.75,9.00,2.00,8.00,0.00,41,2,6.00,0.65,0.76,-3.25,0
2023-02-11,6.50,5.00,90.00,2.00,1.50,10.00,0.00,42,2,5.25,0.66,0.75,6.00,0
2023-02-12,7.00,5.00,83.00,0.00,2.00,9.00,0.00,43,2,5.25,0.67,0.74,5.25,0
2023-02-13,6.50,4.50,87.00,0.00,2.00,12.00,0.00,44,2,-1.00,0.69,0.73,5.25,1
2023-02-14,6.75,4.25,83.25,1.00,2.50,12.75,0.00,45,2,-0.75,0.70,0.71,-1.00,1
2023-02-15,8.00,4.00,76.00,2.00,4.00,12.00,0.00,46,2,4.00,0.71,0.70,-0.75,0
2023-02-16,9.00,8.00,91.75,7.00,1.00,10.75,0.30,47,2,9.00,0.72,0.69,4.00,0
2023-02-17,11.00,9.00,88.00,10.00,2.00,11.00,0.05,48,2,9.00,0.74,0.68,9.00,0
2023-02-18,10.00,8.75,89.25,5.75,1.25,11.00,0.45,49,2,9.00,0.75,0.66,9.00,0
2023-02-19,6.75,5.25,90.00,4.00,1.50,10.00,0.35,50,2,5.00,0.76,0.65,9.00,0
2023-02-20,8.50,7.00,88.50,9.50,1.50,9.00,0.00,51,2,8.00,0.77,0.64,5.00,0
2023-02-21,8.00,6.25,92.00,2.50,1.75,8.00,0.00,52,2,4.75,0.78,0.63,8.00,0
2023-02-22,8.75,7.00,88.00,2.75,1.75,10.75,0.00,53,2,7.00,0.79,0.61,4.75,0
2023-02-23,6.75,5.00,89.75,7.00,1.75,8.25,0.00,54,2,-1.00,0.80,0.60,7.00,1
2023-02-24,4.75,2.75,87.75,8.00,2.00,7.50,0.65,55,2,2.75,0.81,0.58,-1.00,0
2023-02-25,2.25,-3.00,68.50,4.25,5.25,6.75,0.00,56,2,-2.00,0.82,0.57,2.75,1
2023-02-26,2.75,-3.00,67.50,7.50,5.75,6.00,0.00,57,2,-3.25,0.83,0.56,-2.00,1
2023-02-27,2.00,-3.00,70.00,0.00,5.00,6.25,0.00,58,2,-1.00,0.84,0.54,-3.25,1
2023-02-28,1.25,-5.00,62.00,0.00,6.25,6.00,0.00,59,2,-4.00,0.85,0.53,-1.00,1
2023-03-01,3.00,-4.00,61.50,2.25,7.00,7.75,0.00,60,3,-1.00,0.86,0.51,-4.00,1
2023-03-02,4.50,1.25,79.25,7.50,3.25,10.00,0.00,61,3,0.00,0.87,0.50,-1.00,1
2023-03-03,3.50,0.00,75.75,1.50,3.50,9.25,0.00,62,3,3.50,0.88,0.48,0.00,0
2023-03-04,5.75,2.00,77.00,6.75,3.75,8.25,0.00,63,3,2.50,0.88,0.47,3.50,0
2023-03-05,4.00,1.25,84.50,1.00,2.75,7.00,0.00,64,3,0.75,0.89,0.45,2.50,0
2023-03-06,4.00,1.75,83.50,8.00,2.25,7.00,0.30,65,3,2.00,0.90,0.44,0.75,0
2023-03-07,2.00,1.00,91.00,3.50,1.00,3.25,0.45,66,3,-1.00,0.91,0.42,2.00,1
2023-03-08,1.00,0.00,91.75,4.00,1.00,3.00,0.50,67,3,0.00,0.91,0.41,-1.00,1
2023-03-09,2.00,2.00,98.00,7.50,0.00,2.75,5.70,68,3,2.00,0.92,0.39,0.00,0
2023-03-10,0.50,0.00,98.75,9.75,0.50,4.00,2.05,69,3,-2.00,0.93,0.37,2.00,1
2023-03-11,1.75,-2.00,75.50,0.00,3.75,7.00,0.00,70,3,0.00,0.93,0.36,-2.00,1
2023-03-12,9.00,7.50,88.50,5.50,1.50,11.50,0.00,71,3,9.00,0.94,0.34,0.00,0
2023-03-13,11.50,9.00,85.00,2.50,2.50,17.25,0.05,72,3,8.50,0.95,0.33,9.00,0
2023-03-14,3.75,0.00,76.50,3.75,3.75,8.00,0.35,73,3,0.00,0.95,0.31,8.50,1
2023-03-15,5.75,0.00,67.75,1.50,5.75,9.00,0.00,74,3,4.00,0.96,0.29,0.00,0
2023-03-16,11.00,5.00,68.50,5.50,6.00,13.50,0.00,75,3,7.00,0.96,0.28,4.00,0
2023-03-17,13.00,9.50,79.25,1.00,3.50,17.00,0.00,76,3,10.75,0.97,0.26,7.00,0
2023-03-18,12.50,9.25,80.00,1.50,3.25,16.00,0.00,77,3,9.25,0.97,0.24,10.75,0
2023-03-19,9.00,8.00,92.25,3.75,1.00,14.00,0.00,78,3,7.00,0.97,0.23,9.25,0
2023-03-20,9.00,8.00,91.00,5.00,1.00,9.00,0.35,79,3,9.00,0.98,0.21,7.00,0
2023-03-21,11.25,9.25,87.75,5.50,2.00,14.00,0.00,80,3,9.00,0.98,0.19,9.00,0
2023-03-22,11.00,10.00,96.00,8.00,1.00,11.50,0.55,81,3,11.00,0.98,0.18,9.00,0
2023-03-23,13.00,10.25,83.25,5.25,2.75,15.00,0.45,82,3,9.25,0.99,0.16,11.00,0
2023-03-24,11.00,8.50,83.75,7.00,2.50,12.00,2.45,83,3,8.00,0.99,0.14,9.25,0
2023-03-25,9.00,8.00,90.50,9.00,1.00,12.00,0.90,84,3,7.25,0.99,0.12,8.00,0
2023-03-26,7.00,3.50,77.50,10.50,3.50,9.00,0.55,85,3,0.50,0.99,0.11,7.25,0
2023-03-27,5.75,0.75,69.75,9.25,5.00,7.50,0.00,86,3,-1.00,1.00,0.09,0.50,1
2023-03-28,8.50,2.25,64.75,4.75,6.25,9.00,0.00,87,3,5.00,1.00,0.07,-1.00,0
2023-03-29,14.00,11.00,84.50,2.50,3.00,14.00,0.00,88,3,12.00,1.00,0.06,5.00,0
2023-03-30,13.75,10.25,79.25,8.50,3.50,15.50,0.00,89,3,10.00,1.00,0.04,12.00,0
2023-03-31,10.00,9.00,94.00,7.50,1.00,13.00,1.20,90,3,9.00,1.00,0.02,10.00,0
2023-04-01,10.00,9.50,96.25,9.50,0.50,12.00,2.30,91,4,3.25,1.00,0.00,9.00,0
2023-04-02,9.00,3.00,65.00,6.50,6.00,10.00,0.00,92,4,0.00,1.00,-0.01,3.25,1
2023-04-03,7.75,-0.25,57.00,8.50,8.00,9.00,0.00,93,4,-1.00,1.00,-0.03,0.00,1
2023-04-04,9.50,-0.25,51.50,3.50,9.75,10.75,0.00,94,4,0.00,1.00,-0.05,-1.00,1
2023-04-05,10.75,-1.00,43.75,1.00,11.75,12.25,0.00,95,4,0.00,1.00,-0.06,0.00,1
2023-04-06,7.00,7.00,96.00,6.00,0.00,9.25,1.70,96,4,7.00,1.00,-0.08,0.00,0
2023-04-07,9.50,8.00,90.00,3.00,1.50,10.00,0.05,97,4,2.25,1.00,-0.10,7.00,0
2023-04-08,12.25,8.00,76.00,2.50,4.25,14.00,0.00,98,4,8.00,0.99,-0.12,2.25,0
2023-04-09,14.25,6.00,58.25,4.00,8.25,15.00,0.00,99,4,6.75,0.99,-0.13,8.00,0
2023-04-10,11.75,10.00,90.75,6.75,1.75,16.00,1.00,100,4,7.50,0.99,-0.15,6.75,0
2023-04-11,12.25,5.75,64.75,3.75,6.50,14.00,0.00,101,4,8.00,0.99,-0.17,7.50,0
2023-04-12,8.75,6.00,82.50,5.50,2.75,12.00,0.00,102,4,6.00,0.98,-0.18,8.00,0
2023-04-17,14.00,8.75,70.25,3.25,5.25,15.50,0.00,107,4,5.00,0.96,-0.27,6.00,0
2023-04-18,13.50,8.00,71.00,7.00,5.50,13.50,0.00,108,4,8.75,0.96,-0.28,5.00,0
2023-04-19,13.75,2.25,45.75,11.50,11.50,15.00,0.00,109,4,4.50,0.95,-0.30,8.75,0
2023-04-20,11.50,4.25,61.75,8.00,7.25,12.00,0.00,110,4,7.00,0.95,-0.32,4.50,0
2023-04-21,16.00,11.50,76.25,3.00,4.50,17.00,0.75,111,4,6.00,0.94,-0.33,7.00,0
2023-04-22,11.50,11.00,96.00,5.00,0.50,18.00,1.00,112,4,7.00,0.94,-0.35,6.00,0
2023-04-23,11.00,10.50,94.75,2.75,0.50,17.00,1.20,113,4,8.50,0.93,-0.37,7.00,0
2023-04-24,9.25,6.00,79.50,9.00,3.25,11.00,0.00,114,4,2.75,0.92,-0.38,8.50,0
2023-04-25,8.25,3.25,73.00,8.00,5.00,10.25,0.00,115,4,0.75,0.92,-0.40,2.75,0
2023-04-26,9.00,3.50,69.25,2.50,5.50,10.50,0.00,116,4,0.25,0.91,-0.41,0.75,0
2023-04-27,11.75,3.00,55.50,3.50,8.75,13.00,0.00,117,4,8.00,0.90,-0.43,0.25,0
2023-04-28,13.00,12.25,97.00,5.75,0.75,14.00,0.35,118,4,9.00,0.90,-0.44,8.00,0
2023-04-29,15.75,8.75,63.50,7.00,7.00,16.75,0.00,119,4,3.50,0.89,-0.46,9.00,0
2023-04-30,16.50,9.25,63.00,4.50,7.25,18.00,0.00,120,4,7.75,0.88,-0.47,3.50,0
2023-05-01,15.50,10.25,71.00,5.50,5.25,18.50,0.00,121,5,9.00,0.87,-0.49,7.75,0
2023-05-02,12.50,5.00,59.50,6.00,7.50,14.00,0.00,122,5,1.00,0.86,-0.50,9.00,0
2023-05-03,15.50,5.25,52.25,5.75,10.25,16.00,0.00,123,5,6.75,0.85,-0.52,1.00,0
2023-05-04,21.25,11.00,53.25,5.25,10.25,22.00,0.00,124,5,11.50,0.85,-0.53,6.75,0
2023-05-05,16.75,12.75,77.00,1.00,4.00,19.00,1.15,125,5,8.50,0.84,-0.55,11.50,0
2023-05-06,19.50,13.75,70.75,3.25,5.75,21.75,0.50,126,5,13.00,0.83,-0.56,8.50,0
2023-05-07,15.00,14.00,94.50,1.50,1.00,20.75,0.50,127,5,12.00,0.82,-0.58,13.00,0
2023-05-08,19.50,16.00,81.50,0.00,3.50,22.00,0.00,128,5,14.00,0.81,-0.59,12.00,0
2023-05-09,14.00,14.00,97.00,1.50,0.00,15.50,3.25,129,5,12.00,0.80,-0.61,14.00,0
2023-05-10,16.50,14.00,84.00,1.75,2.50,17.00,0.00,130,5,12.00,0.79,-0.62,12.00,0
2023-05-11,14.00,13.00,93.25,0.00,1.00,17.00,0.80,131,5,11.00,0.77,-0.63,12.00,0
2023-05-12,17.00,14.00,83.50,1.00,3.00,22.50,0.25,132,5,9.00,0.76,-0.65,11.00,0
2023-05-13,22.50,10.75,47.75,3.00,11.75,24.25,0.00,133,5,9.00,0.75,-0.66,9.00,0
2023-05-14,18.50,14.25,76.25,3.00,4.25,21.25,0.00,134,5,9.00,0.74,-0.67,9.00,0
2023-05-15,13.00,10.50,84.25,4.50,2.50,17.75,0.00,135,5,6.25,0.73,-0.68,9.00,0
2023-05-16,12.25,7.75,74.50,3.00,4.50,14.75,0.00,136,5,6.50,0.72,-0.70,6.25,0
2023-05-17,15.25,7.00,57.50,4.00,8.25,17.00,0.00,137,5,3.00,0.71,-0.71,6.50,0
2023-05-18,14.75,6.00,56.00,3.00,8.75,17.00,0.00,138,5,6.00,0.69,-0.72,3.00,0
2023-05-19,18.75,8.00,48.75,3.25,10.75,20.75,0.00,139,5,10.00,0.68,-0.73,6.00,0
2023-05-20,18.75,10.50,58.00,3.00,8.25,20.00,0.00,140,5,11.25,0.67,-0.74,10.00,0
2023-05-21,24.25,17.25,65.25,2.75,7.00,25.25,0.00,141,5,13.00,0.66,-0.76,11.25,0
2023-05-22,21.25,15.50,69.00,4.75,5.75,26.75,0.40,142,5,12.50,0.64,-0.77,13.00,0
2023-05-23,14.75,7.75,63.25,5.25,7.00,17.25,0.00,143,5,4.25,0.63,-0.78,12.50,0
2023-05-24,15.00,9.75,71.50,2.75,5.25,16.50,0.00,144,5,5.00,0.62,-0.79,4.25,0
2023-05-25,18.50,9.75,56.25,3.50,8.75,19.75,0.00,145,5,5.25,0.60,-0.80,5.00,0
2023-05-26,17.50,8.75,55.75,5.00,8.75,20.75,0.00,146,5,6.00,0.59,-0.81,5.25,0
2023-05-27,22.00,11.00,49.00,2.50,11.00,23.00,0.00,147,5,8.25,0.57,-0.82,6.00,0
2023-05-28,22.25,10.00,45.75,5.00,12.25,24.50,0.00,148,5,8.25,0.56,-0.83,8.25,0
2023-05-29,18.50,7.00,47.00,5.00,11.50,20.00,0.00,149,5,6.75,0.55,-0.84,8.25,0
2023-05-30,16.75,11.00,70.50,4.00,5.75,21.00,0.00,150,5,9.50,0.53,-0.85,6.75,0
2023-05-31,24.00,15.00,57.50,5.00,9.00,26.00,0.00,151,5,10.00,0.52,-0.86,9.50,0
2023-06-01,15.25,10.75,74.25,5.00,4.50,21.00,0.00,152,6,10.00,0.50,-0.87,10.00,0
2023-06-02,18.75,13.00,71.00,1.00,5.75,20.00,0.00,153,6,7.00,0.49,-0.87,10.00,0
2023-06-03,21.75,5.75,35.50,4.50,16.00,23.00,0.00,154,6,8.00,0.47,-0.88,7.00,0
2023-06-04,23.50,11.25,46.50,3.00,12.25,25.00,0.00,155,6,9.00,0.46,-0.89,8.00,0
2023-06-05,22.00,14.00,61.50,5.25,8.00,25.25,0.00,156,6,8.75,0.44,-0.90,9.00,0
2023-06-06,23.50,14.50,57.00,4.00,9.00,26.75,0.00,157,6,11.00,0.43,-0.91,8.75,0
2023-06-07,24.00,14.25,54.00,2.50,9.75,25.50,0.00,158,6,11.00,0.41,-0.91,11.00,0
2023-06-08,26.50,15.00,50.75,4.00,11.50,27.50,0.00,159,6,13.00,0.39,-0.92,11.00,0
2023-06-09,28.75,15.75,44.75,3.25,13.00,30.50,0.00,160,6,18.00,0.38,-0.93,13.00,0
2023-06-10,29.50,14.25,39.25,3.50,15.25,31.00,0.00,161,6,16.50,0.36,-0.93,18.00,0
2023-06-11,30.00,15.25,41.00,4.00,14.75,31.50,0.00,162,6,14.50,0.35,-0.94,16.50,0
2023-06-12,28.75,14.00,40.25,3.00,14.75,32.00,0.00,163,6,12.25,0.33,-0.94,14.50,0
2023-06-13,27.50,11.00,36.25,3.50,16.50,29.00,0.00,164,6,14.00,0.31,-0.95,12.25,0
2023-06-14,25.25,11.50,42.25,3.50,13.75,26.00,0.00,165,6,12.00,0.30,-0.95,14.00,0
2023-06-15,27.00,11.75,39.00,3.50,15.25,28.50,0.00,166,6,10.00,0.28,-0.96,12.00,0
2023-06-16,26.00,10.75,38.25,4.00,15.25,30.00,0.00,167,6,9.00,0.26,-0.96,10.00,0
2023-06-17,28.75,11.50,34.25,2.00,17.25,30.75,0.00,168,6,15.00,0.25,-0.97,9.00,0
2023-06-18,23.25,14.50,58.00,0.50,8.75,26.75,0.00,169,6,19.00,0.23,-0.97,15.00,0
2023-06-19,28.50,17.00,50.25,1.50,11.50,29.00,0.00,170,6,19.00,0.21,-0.98,19.00,0
2023-06-20,20.00,19.75,95.75,2.75,0.25,31.75,4.20,171,6,17.00,0.20,-0.98,19.00,0
2023-06-21,25.75,17.25,58.25,3.00,8.50,28.00,0.00,172,6,14.00,0.18,-0.98,17.00,0
2023-06-22,19.00,18.00,97.00,2.25,1.00,24.00,5.10,173,6,15.00,0.16,-0.99,14.00,0
2023-06-23,26.00,17.00,58.25,2.25,9.00,27.75,0.00,174,6,14.00,0.15,-0.99,15.00,0
2023-06-24,29.00,18.75,54.25,1.00,10.25,30.00,0.00,175,6,15.00,0.13,-0.99,14.00,0
2023-06-25,30.75,19.25,50.25,2.00,11.50,33.00,0.00,176,6,18.25,0.11,-0.99,15.00,0
2023-06-26,22.50,13.00,55.00,4.00,9.50,24.00,0.00,177,6,13.25,0.09,-1.00,18.25,0
2023-06-27,21.00,12.75,61.00,3.00,8.25,24.00,0.00,178,6,14.00,0.08,-1.00,13.25,0
2023-06-28,22.00,18.00,78.25,2.00,4.00,24.00,0.00,179,6,17.50,0.06,-1.00,14.00,0
2023-06-29,21.00,17.25,78.75,5.25,3.75,24.75,0.10,180,6,10.25,0.04,-1.00,17.50,0
2023-06-30,21.75,13.75,60.00,3.00,8.00,24.00,0.00,181,6,16.00,0.03,-1.00,10.25,0
2023-07-01,18.50,16.50,88.00,2.00,2.00,20.00,0.15,182,7,13.50,0.01,-1.00,16.00,0
2023-07-02,19.50,11.25,58.25,5.00,8.25,22.00,0.00,183,7,15.00,-0.01,-1.00,13.50,0
2023-07-03,19.00,11.50,60.25,4.00,7.50,20.75,0.55,184,7,12.00,-0.03,-1.00,15.00,0
2023-07-04,20.50,14.75,69.50,0.00,5.75,21.75,0.25,185,7,13.25,-0.04,-1.00,12.00,0
2023-07-05,18.25,13.75,75.75,3.00,4.50,20.00,1.25,186,7,12.00,-0.06,-1.00,13.25,0
2023-07-06,23.25,14.25,57.00,1.50,9.00,24.25,0.00,187,7,10.00,-0.08,-1.00,12.00,0
2023-07-07,28.50,14.75,43.75,2.50,13.75,29.50,0.00,188,7,16.50,-0.09,-1.00,10.00,0
2023-07-08,30.00,21.50,60.00,0.00,8.50,33.75,0.00,189,7,18.00,-0.11,-0.99,16.50,0
2023-07-09,23.75,21.25,87.50,2.00,2.50,34.00,0.25,190,7,16.25,-0.13,-0.99,18.00,0
2023-07-10,27.25,17.25,55.25,1.00,10.00,27.75,0.00,191,7,15.00,-0.15,-0.99,16.25,0
2023-07-11,27.50,20.25,65.00,2.75,7.25,30.00,1.85,192,7,16.00,-0.16,-0.99,15.00,0
2023-07-12,21.75,14.50,64.50,4.50,7.25,23.50,0.10,193,7,13.25,-0.18,-0.98,16.00,0
2023-07-13,22.00,14.75,64.50,3.00,7.25,22.25,0.70,194,7,14.00,-0.20,-0.98,13.25,0
2023-07-14,23.00,17.00,69.25,0.50,6.00,24.75,0.00,195,7,18.00,-0.21,-0.98,14.00,0
2023-07-15,19.50,17.75,89.25,2.50,1.75,26.75,0.75,196,7,15.00,-0.23,-0.97,18.00,0
2023-07-16,21.50,15.50,68.25,3.00,6.00,22.25,0.00,197,7,14.00,-0.25,-0.97,15.00,0
2023-07-17,20.50,14.00,66.00,5.50,6.50,20.25,0.10,198,7,10.00,-0.26,-0.96,14.00,0
2023-07-18,25.00,14.25,51.25,0.50,10.75,26.50,0.00,199,7,12.00,-0.28,-0.96,10.00,0
2023-07-19,19.75,15.00,74.50,2.75,4.75,23.00,0.00,200,7,12.00,-0.30,-0.95,12.00,0
2023-07-20,20.50,13.75,65.25,0.50,6.75,24.25,0.00,201,7,11.50,-0.31,-0.95,12.00,0
2023-07-21,19.75,12.75,62.75,5.00,7.00,23.00,0.15,202,7,11.25,-0.33,-0.94,11.50,0
2023-07-22,18.50,15.00,79.50,0.00,3.50,20.25,0.40,203,7,14.00,-0.35,-0.94,11.25,0
2023-07-23,19.75,18.25,91.50,4.00,1.50,22.25,0.15,204,7,17.00,-0.36,-0.93,14.00,0
2023-07-24,17.75,15.25,84.50,5.25,2.50,22.50,0.00,205,7,9.75,-0.38,-0.93,17.00,0
2023-07-25,18.25,11.50,65.25,3.50,6.75,21.00,0.00,206,7,9.25,-0.39,-0.92,9.75,0
2023-07-26,21.00,13.50,61.75,3.25,7.50,22.00,0.15,207,7,14.00,-0.41,-0.91,9.25,0
2023-07-27,18.00,17.75,96.25,5.00,0.25,20.00,0.20,208,7,17.50,-0.43,-0.91,14.00,0
2023-07-28,21.25,18.75,84.75,3.00,2.50,25.75,0.00,209,7,15.00,-0.44,-0.90,17.50,0
2023-07-29,20.50,19.00,89.25,2.00,1.50,23.25,0.85,210,7,14.00,-0.46,-0.89,15.00,0
2023-07-30,19.50,15.00,75.75,5.75,4.50,22.50,0.95,211,7,14.00,-0.47,-0.88,14.00,0
2023-07-31,17.00,17.00,98.00,3.50,0.00,18.00,1.25,212,7,15.00,-0.49,-0.87,14.00,0
2023-08-01,18.75,15.00,79.00,4.25,3.75,21.50,0.00,213,8,14.00,-0.50,-0.87,15.00,0
2023-08-02,19.00,16.50,82.50,3.25,2.50,23.00,0.20,214,8,16.00,-0.52,-0.86,14.00,0
2023-08-03,16.00,15.00,91.25,4.50,1.00,20.00,0.95,215,8,13.00,-0.53,-0.85,16.00,0
2023-08-04,20.25,16.00,75.25,3.00,4.25,21.25,0.00,216,8,14.00,-0.55,-0.84,13.00,0
2023-08-05,16.75,15.00,89.25,2.00,1.75,20.25,0.50,217,8,15.00,-0.56,-0.83,14.00,0
2023-08-06,14.25,14.00,96.75,5.25,0.25,15.00,3.35,218,8,13.00,-0.57,-0.82,15.00,0
2023-08-07,16.50,13.50,82.25,2.75,3.00,20.00,0.00,219,8,13.00,-0.59,-0.81,13.00,0
2023-08-08,17.25,13.50,79.75,3.75,3.75,20.00,1.10,220,8,12.50,-0.60,-0.80,13.00,0
2023-08-09,19.00,13.75,70.25,2.50,5.25,23.00,0.00,221,8,11.50,-0.62,-0.79,12.50,0
2023-08-10,25.00,17.50,63.50,0.00,7.50,25.25,0.00,222,8,13.00,-0.63,-0.78,11.50,0
2023-08-11,24.25,20.50,80.50,2.00,3.75,29.00,0.00,223,8,19.00,-0.64,-0.77,13.00,0
2023-08-12,22.00,15.75,69.00,4.00,6.25,25.00,0.00,224,8,14.00,-0.66,-0.76,19.00,0
2023-08-13,21.25,18.00,81.25,0.50,3.25,24.50,0.00,225,8,12.00,-0.67,-0.74,14.00,0
2023-08-14,26.25,18.75,63.75,1.00,7.50,27.50,0.00,226,8,15.50,-0.68,-0.73,12.00,0
2023-08-15,23.75,18.75,73.50,2.25,5.00,25.75,0.00,227,8,13.50,-0.69,-0.72,15.50,0
2023-08-16,22.00,17.00,72.00,2.00,5.00,24.50,0.00,228,8,15.00,-0.71,-0.71,13.50,0
2023-08-17,19.00,17.50,90.25,1.50,1.50,20.00,0.00,229,8,16.00,-0.72,-0.70,15.00,0
2023-08-18,25.50,22.75,84.00,0.50,2.75,27.00,0.00,230,8,20.00,-0.73,-0.68,16.00,0
2023-08-19,23.75,20.00,79.50,2.00,3.75,27.25,0.00,231,8,13.75,-0.74,-0.67,20.00,0
2023-08-20,24.75,19.50,72.00,0.50,5.25,27.75,0.00,232,8,16.00,-0.75,-0.66,13.75,0
2023-08-21,25.75,18.50,64.50,0.50,7.25,28.50,0.00,233,8,14.00,-0.76,-0.65,16.00,0
2023-08-22,23.00,17.75,72.25,2.25,5.25,25.00,0.00,234,8,12.00,-0.77,-0.63,14.00,0
2023-08-23,25.00,18.75,68.25,1.50,6.25,28.00,0.00,235,8,14.00,-0.79,-0.62,12.00,0
2023-08-24,23.00,20.25,84.50,1.50,2.75,24.75,0.15,236,8,17.25,-0.80,-0.61,14.00,0
2023-08-25,21.00,19.50,88.25,2.25,1.50,23.75,0.20,237,8,13.00,-0.81,-0.59,17.25,0
2023-08-26,17.00,15.00,91.50,0.50,2.00,21.50,0.35,238,8,12.75,-0.82,-0.58,13.00,0
2023-08-27,16.75,13.75,84.25,2.25,3.00,18.75,1.95,239,8,10.00,-0.83,-0.56,12.75,0
2023-08-28,19.25,15.50,78.75,1.50,3.75,22.00,0.00,240,8,9.00,-0.84,-0.55,10.00,0
2023-08-29,17.25,15.00,84.75,0.00,2.25,21.75,0.00,241,8,10.00,-0.85,-0.53,9.00,0
2023-08-30,15.25,13.75,90.50,1.50,1.50,19.50,0.35,242,8,11.00,-0.85,-0.52,10.00,0
2023-08-31,18.50,14.00,75.75,0.50,4.50,20.75,0.00,243,8,12.00,-0.86,-0.50,11.00,0
2023-09-01,19.75,17.75,87.50,0.00,2.00,20.75,0.80,244,9,14.25,-0.87,-0.49,12.00,0
2023-09-02,21.75,18.50,81.50,0.50,3.25,24.00,0.00,245,9,11.00,-0.88,-0.47,14.25,0
2023-09-03,21.75,17.00,74.50,0.00,4.75,24.00,0.00,246,9,9.50,-0.89,-0.46,11.00,0
2023-09-04,23.00,18.50,75.50,1.00,4.50,26.00,0.00,247,9,13.00,-0.90,-0.44,9.50,0
2023-09-05,26.50,20.50,69.50,1.00,6.00,30.00,0.00,248,9,13.00,-0.90,-0.43,13.00,0
2023-09-06,27.50,22.00,70.75,0.00,5.50,30.00,0.00,249,9,14.00,-0.91,-0.41,13.00,0
2023-09-07,26.50,20.25,69.50,1.50,6.25,30.00,0.00,250,9,14.00,-0.92,-0.40,14.00,0
2023-09-08,28.25,23.50,76.25,0.00,4.75,31.00,0.00,251,9,14.50,-0.92,-0.38,14.00,0
2023-09-09,27.50,23.50,79.00,0.00,4.00,30.50,0.00,252,9,16.00,-0.93,-0.37,14.50,0
2023-09-10,28.75,25.00,79.75,0.00,3.75,32.00,0.00,253,9,17.00,-0.94,-0.35,16.00,0
2023-09-11,23.75,20.75,82.25,0.00,3.00,29.00,0.05,254,9,16.25,-0.94,-0.33,17.00,0
2023-09-12,22.25,19.25,83.25,0.50,3.00,27.00,1.65,255,9,18.00,-0.95,-0.32,16.25,0
2023-09-13,17.75,14.25,79.25,0.00,3.50,20.50,0.00,256,9,9.00,-0.95,-0.30,18.00,0
2023-09-14,19.25,15.00,77.00,0.00,4.25,22.00,0.00,257,9,9.00,-0.96,-0.28,9.00,0
2023-09-15,19.50,15.50,78.50,0.00,4.00,24.00,0.00,258,9,11.00,-0.96,-0.27,9.00,0
2023-09-16,22.50,18.25,77.50,0.00,4.25,26.75,0.10,259,9,14.75,-0.97,-0.25,11.00,0
2023-09-17,20.75,19.50,91.50,0.00,1.25,22.75,0.00,260,9,16.75,-0.97,-0.23,14.75,0
2023-09-18,17.00,16.00,96.25,3.00,1.00,23.50,1.00,261,9,13.00,-0.98,-0.22,16.75,0
2023-09-19,18.00,15.00,82.25,5.25,3.00,19.75,0.00,262,9,15.25,-0.98,-0.20,13.00,0
2023-09-20,19.00,16.25,84.50,1.00,2.75,22.00,0.00,263,9,17.00,-0.98,-0.18,15.25,0
2023-09-21,15.00,15.00,98.75,0.00,0.00,15.75,1.70,264,9,12.00,-0.99,-0.17,17.00,0
2023-09-22,14.00,13.00,94.75,0.00,1.00,18.50,0.80,265,9,10.25,-0.99,-0.15,12.00,0
2023-09-23,14.50,13.00,92.50,1.00,1.50,18.00,0.35,266,9,6.25,-0.99,-0.13,10.25,0
2023-09-24,16.25,13.00,80.75,0.00,3.25,20.00,0.00,267,9,11.00,-0.99,-0.12,6.25,0
2023-09-25,17.50,15.00,86.00,0.00,2.50,22.00,0.00,268,9,10.00,-1.00,-0.10,11.00,0
2023-09-26,18.50,16.50,86.25,0.00,2.00,22.00,0.00,269,9,10.75,-1.00,-0.08,10.00,0
2023-09-27,19.00,17.00,87.00,0.00,2.00,24.00,0.00,270,9,14.75,-1.00,-0.06,10.75,0
2023-09-28,17.75,16.00,89.50,0.00,1.75,21.00,0.00,271,9,14.50,-1.00,-0.05,14.75,0
2023-09-29,15.00,13.25,89.25,1.75,1.75,21.00,0.40,272,9,9.25,-1.00,-0.03,14.50,0
2023-09-30,15.50,14.00,90.00,0.00,1.50,20.00,0.00,273,9,13.00,-1.00,-0.01,9.25,0
2023-10-01,19.50,17.50,87.50,0.00,2.00,24.00,0.00,274,10,12.00,-1.00,0.00,13.00,0
2023-10-02,20.50,18.25,87.75,0.00,2.25,24.00,0.00,275,10,15.75,-1.00,0.02,12.00,0
2023-10-03,13.00,12.00,92.75,2.25,1.00,16.75,2.10,276,10,11.00,-1.00,0.04,15.75,0
2023-10-04,14.25,11.75,85.25,2.25,2.50,17.50,0.00,277,10,12.00,-1.00,0.06,11.00,0
2023-10-05,15.00,13.00,89.50,1.00,2.00,18.50,0.00,278,10,11.50,-1.00,0.07,12.00,0
2023-10-06,17.00,15.00,87.25,2.25,2.00,20.00,0.00,279,10,14.00,-1.00,0.09,11.50,0
2023-10-07,18.00,16.00,87.50,2.00,2.00,20.00,0.00,280,10,14.25,-0.99,0.11,14.00,0
2023-10-08,14.50,13.75,93.75,1.00,0.75,17.00,0.00,281,10,10.25,-0.99,0.12,14.25,0
2023-10-09,17.75,17.00,94.25,1.00,0.75,20.75,0.00,282,10,13.25,-0.99,0.14,10.25,0
2023-10-10,17.25,14.50,85.00,0.00,2.75,22.00,0.00,283,10,14.00,-0.99,0.16,13.25,0
2023-10-11,17.75,16.50,93.00,0.00,1.25,19.00,0.00,284,10,15.00,-0.98,0.18,14.00,0
2023-10-12,16.00,16.00,100.00,1.00,0.00,16.00,4.10,285,10,16.00,-0.98,0.19,15.00,0
2023-10-13,18.25,17.00,93.00,3.50,1.25,21.00,3.30,286,10,9.00,-0.98,0.21,16.00,0
2023-10-14,9.00,6.50,83.00,2.25,2.50,14.75,0.10,287,10,5.75,-0.97,0.23,9.00,0
2023-10-15,6.50,5.50,92.50,0.00,1.00,11.25,0.20,288,10,4.00,-0.97,0.24,5.75,0
2023-10-16,9.25,7.75,89.50,0.00,1.50,14.00,0.00,289,10,4.00,-0.97,0.26,4.00,0
2023-10-17,8.25,7.00,91.00,1.00,1.25,13.00,0.00,290,10,4.50,-0.96,0.28,4.00,0
2023-10-18,11.00,8.00,80.00,5.00,3.00,13.00,1.25,291,10,9.00,-0.96,0.29,4.50,0
2023-10-19,15.00,14.75,98.00,2.00,0.25,18.25,0.20,292,10,11.00,-0.95,0.31,9.00,0
2023-10-20,11.50,11.50,100.00,0.00,0.00,11.00,2.45,293,10,11.00,-0.95,0.33,11.00,0
2023-10-21,13.00,11.50,90.50,4.50,1.50,16.00,0.00,294,10,11.00,-0.94,0.34,11.00,0
2023-10-22,10.75,10.00,93.50,0.00,0.75,15.75,0.00,295,10,8.00,-0.93,0.36,11.00,0
2023-10-23,12.00,11.50,95.00,3.00,0.50,14.00,0.45,296,10,11.00,-0.93,0.37,8.00,0
2023-10-24,11.00,10.00,97.00,1.50,1.00,13.00,0.10,297,10,6.50,-0.92,0.39,11.00,0
2023-10-25,10.00,10.00,100.00,2.00,0.00,11.00,3.10,298,10,7.50,-0.91,0.41,6.50,0
2024-01-01,6.00,5.07,93.75,7.50,0.93,8.50,0.25,1,1,6.00,0.02,1.00,7.50,0
2024-01-02,12.00,11.18,94.75,15.00,0.82,11.75,1.60,2,1,9.50,0.03,1.00,6.00,0
2024-01-03,9.00,8.04,93.75,11.00,0.96,10.75,1.45,3,1,7.00,0.05,1.00,9.50,0
2024-01-04,6.50,6.21,98.00,1.25,0.29,8.25,1.45,4,1,6.00,0.07,1.00,7.00,0
2024-01-05,5.75,5.38,97.50,4.25,0.37,7.00,0.90,5,1,3.00,0.09,1.00,6.00,0
2024-01-06,2.00,1.25,94.75,7.50,0.75,3.00,0.00,6,1,0.00,0.10,0.99,3.00,1
2024-01-07,-1.00,-2.47,89.75,8.00,1.47,1.00,0.00,7,1,-3.00,0.12,0.99,0.00,1
2024-01-08,-2.00,-5.93,74.50,12.25,3.93,0.00,0.00,8,1,-5.00,0.14,0.99,-3.00,1
2024-01-09,-3.00,-9.53,60.75,10.50,6.53,0.50,0.00,9,1,-6.00,0.15,0.99,-5.00,1
2024-01-10,-2.00,-7.03,68.50,2.25,5.03,0.75,0.00,10,1,-8.00,0.17,0.99,-6.00,1
2024-01-11,0.00,-0.28,98.00,3.00,0.28,0.00,0.00,11,1,0.00,0.19,0.98,-8.00,1
2024-01-12,2.00,1.72,98.00,0.00,0.28,4.00,0.05,12,1,2.00,0.21,0.98,0.00,0
2024-01-13,2.00,1.75,98.25,8.50,0.25,3.00,0.00,13,1,2.00,0.22,0.98,2.00,0
2024-01-14,2.00,1.79,98.50,9.75,0.21,2.00,0.35,14,1,0.00,0.24,0.97,2.00,1
2024-01-15,0.75,0.26,96.50,4.75,0.49,1.25,0.55,15,1,-2.00,0.26,0.97,0.00,1
2024-01-16,0.00,-1.91,87.00,6.25,1.91,2.50,0.15,16,1,-3.00,0.27,0.96,-2.00,1
2024-01-17,-1.25,-2.61,90.50,1.50,1.36,-1.00,0.00,17,1,-5.25,0.29,0.96,-3.00,1
2024-01-18,-2.75,-3.09,97.50,0.50,0.34,3.25,0.00,18,1,-4.25,0.30,0.95,-5.25,1
2024-01-19,0.25,-0.60,94.00,5.50,0.85,4.00,0.00,19,1,-2.00,0.32,0.95,-4.25,1
2024-01-20,-1.00,-3.32,84.25,5.00,2.32,2.00,0.00,20,1,-2.00,0.34,0.94,-2.00,1
2024-01-21,5.00,3.92,92.75,10.00,1.08,5.00,0.00,21,1,5.00,0.35,0.94,-2.00,0
2024-01-22,8.00,6.21,88.50,13.25,1.79,11.00,0.00,22,1,5.00,0.37,0.93,5.00,0
2024-01-23,8.00,7.59,97.25,12.50,0.41,8.25,0.70,23,1,8.00,0.39,0.92,5.00,0
2024-01-24,8.00,6.42,89.75,8.50,1.58,11.00,0.00,24,1,1.25,0.40,0.92,8.00,0
2024-01-25,8.00,7.85,99.00,4.00,0.15,8.00,0.35,25,1,7.25,0.42,0.91,1.25,0
2024-01-26,4.00,2.74,91.50,3.00,1.26,9.25,0.00,26,1,0.25,0.43,0.90,7.25,0
2024-01-27,3.00,1.98,93.00,1.25,1.02,8.00,0.00,27,1,-2.50,0.45,0.89,0.25,1
2024-01-28,3.50,1.54,87.00,1.50,1.96,9.00,0.00,28,1,2.25,0.46,0.89,-2.50,0
2024-01-29,6.00,5.33,95.50,0.50,0.67,11.00,0.00,29,1,6.00,0.48,0.88,2.25,0
2024-01-30,7.00,6.71,98.00,8.00,0.29,11.25,0.20,30,1,5.00,0.49,0.87,6.00,0
2024-01-31,7.00,4.31,83.00,8.50,2.69,7.00,0.00,31,1,2.25,0.51,0.86,5.00,0
2024-02-01,2.50,1.93,96.00,0.00,0.57,9.00,0.00,32,2,1.75,0.52,0.85,2.25,0
2024-02-02,9.75,9.06,95.50,12.50,0.69,9.75,0.00,33,2,9.00,0.54,0.84,1.75,0
2024-02-03,10.00,9.51,96.75,7.00,0.49,10.00,0.05,34,2,9.00,0.55,0.83,9.00,0
2024-02-04,11.00,10.46,96.50,13.75,0.54,11.00,0.20,35,2,9.00,0.57,0.82,9.00,0
2024-02-05,9.00,7.57,90.75,15.00,1.43,11.25,0.05,36,2,8.25,0.58,0.81,9.00,0
2024-02-06,12.00,10.16,88.50,19.25,1.84,12.00,1.75,37,2,4.00,0.59,0.80,8.25,0
2024-02-07,4.25,3.10,92.25,0.00,1.15,7.00,0.00,38,2,0.00,0.61,0.79,4.00,1
2024-02-08,3.00,2.86,99.00,9.50,0.14,4.00,2.75,39,2,3.00,0.62,0.78,0.00,0
2024-02-09,11.25,10.00,92.00,4.50,1.25,12.50,0.05,40,2,9.75,0.64,0.77,3.00,0
2024-02-10,10.50,9.85,95.75,1.50,0.65,13.00,0.10,41,2,8.00,0.65,0.76,9.75,0
2024-02-11,7.00,6.67,97.75,0.00,0.33,10.00,0.05,42,2,5.00,0.66,0.75,8.00,0
2024-02-12,4.50,3.77,95.00,1.50,0.73,10.00,0.25,43,2,3.00,0.67,0.74,5.00,0
2024-02-13,7.75,5.88,88.00,3.50,1.87,9.75,0.10,44,2,7.00,0.69,0.73,3.00,0
2024-02-14,12.00,11.77,98.50,7.00,0.23,12.00,0.85,45,2,11.25,0.70,0.71,7.00,0
2024-02-15,13.25,11.30,88.00,3.00,1.95,15.00,0.00,46,2,11.00,0.71,0.70,11.25,0
2024-02-16,11.00,10.35,95.75,4.00,0.65,12.50,0.25,47,2,9.00,0.72,0.69,11.00,0
2024-02-17,10.00,9.43,96.25,1.00,0.57,12.00,0.00,48,2,9.00,0.74,0.68,9.00,0
2024-02-18,9.00,8.59,97.25,13.50,0.41,10.75,2.00,49,2,8.00,0.75,0.66,9.00,0
2024-02-19,8.50,8.05,97.00,8.50,0.45,10.25,0.80,50,2,4.75,0.76,0.65,8.00,0
2024-02-20,9.00,8.05,93.75,7.00,0.95,11.75,0.10,51,2,8.50,0.77,0.64,4.75,0
2024-02-21,8.00,7.55,97.00,12.00,0.45,11.00,0.85,52,2,8.00,0.78,0.63,8.50,0
2024-02-22,10.75,9.25,90.50,16.50,1.50,13.00,1.55,53,2,4.00,0.79,0.61,8.00,0
2024-02-23,6.75,5.06,89.00,4.00,1.69,8.75,0.15,54,2,4.00,0.80,0.60,4.00,0
2024-02-24,5.00,3.22,88.25,5.00,1.78,6.75,0.15,55,2,5.00,0.81,0.58,4.00,0
2024-02-25,5.50,4.34,92.25,2.50,1.16,8.50,0.20,56,2,5.00,0.82,0.57,5.00,0
2024-02-26,5.00,4.00,93.25,13.50,1.00,6.00,0.15,57,2,1.75,0.83,0.56,5.00,0
2024-02-27,3.00,2.42,96.00,1.00,0.58,8.00,0.00,58,2,0.75,0.84,0.54,1.75,0
2024-02-28,7.00,6.10,94.00,3.00,0.90,8.50,0.00,59,2,5.75,0.85,0.53,0.75,0
2024-02-29,8.25,7.95,98.00,4.50,0.30,9.00,1.15,60,2,6.00,0.86,0.51,5.75,0
2024-03-01,9.25,5.51,77.50,5.25,3.74,10.00,0.00,61,3,6.75,0.87,0.50,6.00,0
2024-03-02,12.00,7.60,74.50,6.50,4.40,13.75,0.00,62,3,7.50,0.88,0.48,6.75,0
2024-03-03,10.75,8.28,84.75,2.50,2.47,16.00,0.00,63,3,7.00,0.88,0.47,7.50,0
2024-03-04,8.75,6.61,86.50,2.50,2.14,12.75,0.00,64,3,2.50,0.89,0.45,7.00,0
2024-03-05,7.00,6.29,95.25,0.00,0.71,8.00,0.15,65,3,1.00,0.90,0.44,2.50,0
2024-03-06,7.50,6.00,90.25,1.50,1.50,11.00,0.00,66,3,1.00,0.91,0.42,1.00,0
2024-03-07,6.00,3.83,86.00,10.00,2.17,8.75,0.00,67,3,1.00,0.91,0.41,1.00,0
2024-03-08,7.00,2.77,74.50,8.50,4.23,10.00,0.00,68,3,3.00,0.92,0.39,1.00,0
2024-03-09,10.00,6.24,77.50,6.00,3.76,12.75,0.00,69,3,7.00,0.93,0.37,3.00,0
2024-03-10,9.75,6.69,81.25,7.00,3.06,13.00,0.00,70,3,7.00,0.93,0.36,7.00,0
2024-03-11,7.00,6.85,99.00,1.00,0.15,7.00,1.05,71,3,7.00,0.94,0.34,7.00,0
2024-03-12,9.00,8.24,95.00,5.50,0.76,11.00,0.00,72,3,8.00,0.95,0.33,7.00,0
2024-03-13,12.00,10.62,91.25,5.75,1.38,12.00,0.05,73,3,8.25,0.95,0.31,8.00,0
2024-03-14,14.75,11.09,78.75,4.50,3.66,18.00,0.00,74,3,11.50,0.96,0.29,8.25,0
2024-03-15,12.00,10.90,93.00,4.75,1.10,14.75,0.60,75,3,7.25,0.96,0.28,11.50,0
2024-03-16,7.00,4.35,83.25,0.00,2.65,10.50,0.00,76,3,3.00,0.97,0.26,7.25,0
2024-03-17,11.00,9.54,90.75,3.00,1.46,13.00,0.35,77,3,10.00,0.97,0.24,3.00,0
2024-03-18,11.25,9.33,88.00,1.00,1.92,14.50,0.00,78,3,6.00,0.97,0.23,10.00,0
2024-03-19,12.25,10.23,87.50,1.00,2.02,17.25,0.00,79,3,6.00,0.98,0.21,6.00,0
2024-03-20,14.75,12.65,87.25,0.00,2.10,18.00,0.00,80,3,8.00,0.98,0.19,6.00,0
2024-03-21,9.00,7.73,91.75,3.00,1.27,11.00,0.00,81,3,9.00,0.98,0.18,8.00,0
2024-03-22,8.00,7.55,97.00,2.00,0.45,10.00,0.75,82,3,5.00,0.99,0.16,9.00,0
2024-03-23,6.00,3.91,86.50,4.00,2.09,9.50,0.00,83,3,4.00,0.99,0.14,5.00,0
2024-03-24,6.00,5.33,95.50,10.50,0.67,8.75,0.85,84,3,2.00,0.99,0.12,4.00,0
2024-03-25,7.75,3.68,75.50,2.50,4.07,12.25,0.00,85,3,3.75,0.99,0.11,2.00,0
2024-03-26,10.00,7.85,86.50,2.00,2.15,12.00,0.00,86,3,8.25,1.00,0.09,3.75,0
2024-03-27,9.25,7.32,87.75,2.75,1.93,10.00,0.05,87,3,5.50,1.00,0.07,8.25,0
2024-03-28,10.00,5.82,75.25,3.50,4.18,12.50,0.00,88,3,7.00,1.00,0.06,5.50,0
2024-03-29,13.00,8.72,75.25,2.50,4.28,15.50,0.00,89,3,9.00,1.00,0.04,7.00,0
2024-03-30,8.75,8.15,96.00,0.50,0.60,14.75,0.00,90,3,7.75,1.00,0.02,9.00,0
2024-03-31,12.25,11.39,94.50,2.00,0.86,16.00,1.00,91,3,7.50,1.00,0.00,7.75,0
2024-04-01,12.50,9.59,82.50,0.00,2.91,13.00,0.00,92,4,7.00,1.00,-0.01,7.50,0
2024-04-02,11.25,9.12,86.75,9.00,2.13,11.50,0.35,93,4,9.00,1.00,-0.03,7.00,0
2024-04-03,13.25,10.78,85.00,11.50,2.47,13.75,0.30,94,4,9.00,1.00,-0.05,9.00,0
2024-04-04,13.00,10.80,86.50,12.75,2.20,15.00,1.25,95,4,11.00,1.00,-0.06,9.00,0
2024-04-05,16.25,12.65,79.25,6.25,3.60,18.00,0.15,96,4,10.00,1.00,-0.08,11.00,0
2024-04-06,22.50,12.99,55.00,4.50,9.51,25.00,0.00,97,4,15.00,1.00,-0.10,10.00,0
2024-04-07,18.50,11.67,64.50,2.50,6.83,21.00,0.10,98,4,12.00,0.99,-0.12,15.00,0
2024-04-08,18.00,15.21,83.75,4.00,2.79,20.00,0.00,99,4,12.75,0.99,-0.13,12.00,0
2024-04-09,11.00,8.09,82.25,13.25,2.91,13.00,0.00,100,4,8.50,0.99,-0.15,12.75,0
2024-04-10,14.50,6.00,56.75,5.25,8.50,16.00,0.00,101,4,11.00,0.99,-0.17,8.50,0
2024-04-11,14.00,13.53,97.00,2.75,0.47,14.00,0.05,102,4,13.00,0.98,-0.18,11.00,0
2024-04-12,18.25,14.64,79.50,3.50,3.61,20.00,0.00,103,4,12.00,0.98,-0.20,13.00,0
2024-04-13,21.25,15.60,70.25,5.50,5.65,23.50,0.00,104,4,9.25,0.98,-0.22,12.00,0
2024-04-14,12.25,7.19,71.25,3.50,5.06,15.25,0.00,105,4,7.00,0.97,-0.23,9.25,0
2024-04-15,7.25,4.64,83.50,12.00,2.61,11.00,2.30,106,4,4.50,0.97,-0.25,7.00,0
2024-04-16,9.00,7.68,91.50,4.75,1.32,12.00,0.30,107,4,2.00,0.96,-0.27,4.50,0
2024-04-17,7.25,5.17,86.75,3.50,2.08,10.00,1.45,108,4,1.25,0.96,-0.28,2.00,0
2024-04-18,9.50,5.43,75.75,7.00,4.07,12.00,0.00,109,4,7.00,0.95,-0.30,1.25,0
2024-04-19,8.75,6.32,84.75,15.00,2.43,10.75,3.15,110,4,4.75,0.95,-0.32,7.00,0
2024-04-20,8.25,6.29,87.50,12.25,1.96,10.75,0.60,111,4,2.25,0.94,-0.33,4.75,0
2024-04-21,8.75,5.17,78.25,6.50,3.58,11.00,0.15,112,4,0.75,0.94,-0.35,2.25,0
2024-04-22,9.25,-0.38,51.00,6.75,9.63,10.75,0.00,113,4,0.00,0.93,-0.37,0.75,1
2024-04-23,7.50,4.69,82.50,7.25,2.81,11.75,0.35,114,4,3.00,0.92,-0.38,0.00,0
2024-04-24,6.00,5.14,94.25,5.25,0.86,10.75,0.75,115,4,2.00,0.92,-0.40,3.00,0
2024-04-25,7.50,4.91,83.75,3.75,2.59,10.50,0.60,116,4,6.00,0.91,-0.41,2.00,0
2024-04-26,11.00,6.29,72.75,0.00,4.71,13.75,0.00,117,4,7.00,0.90,-0.43,6.00,0
2024-04-27,14.75,12.62,87.25,0.75,2.13,17.25,0.20,118,4,11.75,0.90,-0.44,7.00,0
2024-04-28,13.75,8.10,68.75,7.50,5.65,15.75,0.00,119,4,5.00,0.89,-0.46,11.75,0
2024-04-29,18.50,10.82,61.00,2.50,7.68,20.00,0.00,120,4,11.00,0.88,-0.47,5.00,0
2024-04-30,23.00,15.82,64.00,1.00,7.18,23.00,0.00,121,4,13.50,0.87,-0.49,11.00,0
2024-05-01,26.75,16.67,54.00,3.50,10.08,28.50,0.00,122,5,14.75,0.86,-0.50,13.50,0
2024-05-02,17.50,15.97,90.75,2.25,1.53,28.00,4.45,123,5,12.00,0.85,-0.52,14.75,0
2024-05-03,13.00,11.06,88.00,2.25,1.94,13.00,0.15,124,5,6.00,0.85,-0.53,12.00,0
2024-05-04,11.00,10.35,95.75,0.50,0.65,18.75,2.35,125,5,10.00,0.84,-0.55,6.00,0
2024-05-05,16.50,12.60,77.75,0.00,3.90,18.25,0.00,126,5,8.00,0.83,-0.56,10.00,0
2024-05-06,17.25,13.27,77.50,0.00,3.98,19.00,0.00,127,5,9.50,0.82,-0.58,8.00,0
2024-05-07,18.75,12.65,67.75,4.50,6.10,21.00,0.00,128,5,7.00,0.81,-0.59,9.50,0
2024-05-08,16.50,13.08,80.25,0.00,3.42,17.50,0.00,129,5,6.00,0.80,-0.61,7.00,0
2024-05-09,20.25,13.97,67.25,2.00,6.28,21.00,0.00,130,5,8.00,0.79,-0.62,6.00,0
2024-05-10,22.50,14.60,61.00,1.50,7.90,23.00,0.00,131,5,11.00,0.77,-0.63,8.00,0
2024-05-11,23.50,15.02,59.00,2.75,8.48,25.00,0.00,132,5,12.25,0.76,-0.65,11.00,0
2024-05-12,24.75,16.84,61.50,1.75,7.91,26.75,0.00,133,5,12.25,0.75,-0.66,12.25,0
2024-05-13,23.00,17.83,72.75,0.75,5.17,25.25,0.00,134,5,13.25,0.74,-0.67,12.25,0
2024-05-14,25.25,15.91,56.25,2.00,9.34,28.00,0.00,135,5,13.00,0.73,-0.68,13.25,0
2024-05-15,16.75,16.27,97.00,1.00,0.48,23.00,3.60,136,5,15.00,0.72,-0.70,13.00,0
2024-05-16,18.25,16.71,90.75,0.50,1.54,22.50,0.05,137,5,12.00,0.71,-0.71,15.00,0
2024-05-17,18.00,16.98,93.75,2.25,1.02,21.00,0.45,138,5,13.50,0.69,-0.72,12.00,0
2024-05-18,16.75,12.94,78.25,5.00,3.81,24.00,0.05,139,5,13.00,0.68,-0.73,13.50,0
2024-05-19,14.25,13.38,94.50,2.25,0.87,22.25,2.90,140,5,11.75,0.67,-0.74,13.00,0
2024-05-20,19.25,16.10,82.00,0.00,3.15,22.25,0.15,141,5,11.00,0.66,-0.76,11.75,0
2024-05-21,16.50,15.45,93.50,2.75,1.05,24.75,0.05,142,5,14.00,0.64,-0.77,11.00,0
2024-05-22,18.25,14.83,80.50,1.50,3.42,20.00,0.00,143,5,11.00,0.63,-0.78,14.00,0
2024-05-23,19.00,15.22,78.75,1.00,3.78,21.75,0.00,144,5,10.00,0.62,-0.79,11.00,0
2024-05-24,15.50,14.86,96.00,2.50,0.64,17.50,1.90,145,5,14.00,0.60,-0.80,10.00,0
2024-05-25,18.25,16.18,87.75,2.00,2.07,18.75,0.05,146,5,10.00,0.59,-0.81,14.00,0
2024-05-26,15.50,14.37,93.00,0.75,1.13,22.00,0.60,147,5,12.00,0.57,-0.82,10.00,0
2024-05-27,14.75,13.50,92.25,0.00,1.25,19.75,0.90,148,5,9.50,0.56,-0.83,12.00,0
2024-05-28,14.50,13.63,94.50,3.00,0.87,20.00,0.55,149,5,14.00,0.55,-0.84,9.50,0
2024-05-29,19.00,14.25,74.00,2.25,4.75,19.50,0.30,150,5,9.50,0.53,-0.85,14.00,0
2024-05-30,16.75,13.94,83.50,2.00,2.81,20.50,0.00,151,5,13.00,0.52,-0.86,9.50,0
2024-05-31,17.00,15.26,89.50,3.00,1.74,20.00,0.45,152,5,14.00,0.50,-0.87,13.00,0
2024-06-01,17.25,16.06,92.75,4.00,1.19,19.00,0.00,153,6,13.00,0.49,-0.87,14.00,0
2024-06-12,14.00,8.87,71.25,3.50,5.13,16.00,0.00,164,6,9.00,0.31,-0.95,13.00,0
2024-06-13,19.50,12.25,63.00,1.50,7.25,19.75,0.00,165,6,12.00,0.30,-0.95,9.00,0
2024-06-14,18.25,15.77,85.50,0.00,2.48,17.75,0.25,166,6,12.00,0.28,-0.96,12.00,0
2024-06-15,17.00,11.43,69.75,5.50,5.57,18.25,0.00,167,6,12.00,0.26,-0.96,12.00,0
2024-06-16,18.25,15.12,82.00,1.50,3.13,18.75,0.15,168,6,13.00,0.25,-0.97,12.00,0
2024-06-17,21.25,14.86,67.00,2.25,6.39,22.25,0.00,169,6,12.00,0.23,-0.97,13.00,0
2024-06-18,16.00,15.52,97.00,1.00,0.48,17.00,2.80,170,6,12.25,0.21,-0.98,12.00,0
2024-06-19,20.50,13.39,63.75,2.75,7.11,23.50,0.00,171,6,10.00,0.20,-0.98,12.25,0
2024-06-20,18.50,16.52,88.25,1.00,1.98,22.00,0.15,172,6,14.50,0.18,-0.98,10.00,0
2024-06-21,16.50,15.90,96.25,3.00,0.60,20.00,2.00,173,6,12.00,0.16,-0.99,14.50,0
2024-06-22,18.50,16.02,85.50,0.50,2.48,21.50,0.10,174,6,11.00,0.15,-0.99,12.00,0
2024-06-23,24.00,17.48,67.00,1.75,6.52,25.75,0.00,175,6,11.00,0.13,-0.99,11.00,0
2024-06-24,27.00,17.53,56.25,0.00,9.47,28.75,0.00,176,6,15.00,0.11,-0.99,11.00,0
2024-06-25,28.75,18.35,53.50,2.00,10.40,30.75,0.00,177,6,16.00,0.09,-1.00,15.00,0
2024-06-26,31.25,19.08,48.50,0.00,12.17,33.00,0.00,178,6,17.00,0.08,-1.00,16.00,0
2024-06-27,29.50,21.44,62.00,0.00,8.06,32.00,0.00,179,6,15.00,0.06,-1.00,17.00,0
2024-06-28,22.00,14.12,61.00,2.25,7.88,23.00,0.00,180,6,11.00,0.04,-1.00,15.00,0
2024-06-29,24.00,17.31,66.25,0.50,6.69,28.00,0.05,181,6,16.00,0.03,-1.00,11.00,0
2024-06-30,18.25,16.09,87.25,2.25,2.16,22.00,1.15,182,6,12.00,0.01,-1.00,16.00,0
2024-07-01,18.50,13.08,70.75,2.75,5.42,21.00,0.00,183,7,14.00,-0.01,-1.00,12.00,0
2024-07-02,17.25,12.41,73.25,3.00,4.84,18.75,0.00,184,7,10.25,-0.03,-1.00,14.00,0
2024-07-03,17.00,13.33,79.00,2.00,3.67,18.25,1.00,185,7,14.00,-0.04,-1.00,10.25,0
2024-07-04,18.25,10.71,61.50,4.50,7.54,20.25,0.00,186,7,12.50,-0.06,-1.00,14.00,0
2024-07-05,17.00,15.17,89.00,2.75,1.83,18.00,0.00,187,7,15.00,-0.08,-1.00,12.50,0
2024-07-06,16.75,11.50,71.25,9.00,5.25,20.50,0.20,188,7,11.00,-0.09,-1.00,15.00,0
2024-07-07,15.25,14.37,94.50,0.00,0.88,19.25,0.50,189,7,12.00,-0.11,-0.99,11.00,0
2024-07-08,21.25,17.20,77.75,0.00,4.05,22.75,0.00,190,7,15.50,-0.13,-0.99,12.00,0
2024-07-09,23.25,19.63,80.75,2.25,3.62,31.00,8.00,191,7,17.00,-0.15,-0.99,15.50,0
2024-07-10,23.25,18.88,76.50,1.75,4.37,25.25,0.00,192,7,14.00,-0.16,-0.99,17.00,0
2024-07-11,22.50,16.57,69.25,1.50,5.93,23.50,0.00,193,7,13.00,-0.18,-0.98,14.00,0
2024-07-12,15.00,14.12,94.50,3.00,0.88,14.75,3.80,194,7,13.25,-0.20,-0.98,13.00,0
2024-07-13,16.25,13.22,82.25,3.50,3.03,18.25,0.00,195,7,10.50,-0.21,-0.98,13.25,0
2024-07-14,21.00,16.02,73.25,2.00,4.98,22.50,0.00,196,7,11.00,-0.23,-0.97,10.50,0
2024-07-15,23.25,18.14,73.00,0.00,5.11,25.25,0.05,197,7,17.00,-0.25,-0.97,11.00,0
2024-07-16,18.50,16.99,91.00,1.75,1.51,22.00,0.80,198,7,15.00,-0.26,-0.96,17.00,0
2024-07-17,23.50,17.25,68.00,2.00,6.25,25.25,0.00,199,7,13.00,-0.28,-0.96,15.00,0
2024-07-18,26.75,18.60,61.00,0.00,8.15,29.25,0.00,200,7,16.00,-0.30,-0.95,13.00,0
2024-07-19,28.50,19.98,60.00,0.00,8.52,29.50,0.00,201,7,15.50,-0.31,-0.95,16.00,0
2024-07-20,28.00,22.76,73.25,0.00,5.24,30.00,2.95,202,7,18.25,-0.33,-0.94,15.50,0
2024-07-21,21.50,19.74,89.75,2.75,1.76,23.25,1.55,203,7,14.00,-0.35,-0.94,18.25,0
2024-07-22,23.00,18.37,75.25,1.00,4.63,24.75,0.00,204,7,18.00,-0.36,-0.93,14.00,0
2024-07-23,21.00,17.95,82.75,4.00,3.05,21.75,3.75,205,7,15.00,-0.38,-0.93,18.00,0
2024-07-24,22.25,15.46,65.50,1.50,6.79,23.00,0.00,206,7,12.00,-0.39,-0.92,15.00,0
2024-07-25,22.75,18.76,78.25,0.00,3.99,24.50,0.25,207,7,18.75,-0.41,-0.91,12.00,0
2024-07-26,21.75,16.90,74.00,1.00,4.85,25.00,0.00,208,7,13.00,-0.43,-0.91,18.75,0
2024-07-27,22.25,17.23,73.25,2.00,5.02,24.00,0.00,209,7,14.00,-0.44,-0.90,13.00,0
2024-07-28,24.00,17.49,67.00,0.00,6.51,26.75,0.00,210,7,12.00,-0.46,-0.89,14.00,0
2024-07-29,25.50,17.68,62.00,2.25,7.82,27.00,0.00,211,7,15.00,-0.47,-0.88,12.00,0
2024-07-30,30.25,22.35,62.75,0.50,7.90,31.25,1.75,212,7,15.75,-0.49,-0.87,15.00,0
2024-07-31,26.25,20.97,72.75,0.00,5.28,28.25,0.00,213,7,17.00,-0.50,-0.87,15.75,0
2024-08-01,21.00,19.52,91.25,1.50,1.48,21.50,0.45,214,8,14.00,-0.52,-0.86,17.00,0
2024-08-02,26.00,20.16,70.25,0.00,5.84,27.00,0.00,215,8,16.00,-0.53,-0.85,14.00,0
2024-08-03,19.75,18.66,93.50,2.50,1.09,25.00,0.50,216,8,16.00,-0.55,-0.84,16.00,0
2024-08-04,21.00,15.92,72.75,0.00,5.08,22.00,0.00,217,8,16.00,-0.56,-0.83,16.00,0
2024-08-05,25.00,18.01,65.25,0.50,6.99,27.00,0.00,218,8,13.75,-0.57,-0.82,16.00,0
2024-08-06,28.25,21.38,66.50,0.00,6.87,30.00,0.00,219,8,17.00,-0.59,-0.81,13.75,0
2024-08-07,22.50,15.46,64.50,1.75,7.04,25.00,0.00,220,8,16.00,-0.60,-0.80,17.00,0
2024-08-08,23.00,16.64,67.50,2.00,6.36,25.25,0.00,221,8,18.25,-0.62,-0.79,16.00,0
2024-08-09,23.50,18.10,71.75,3.25,5.40,25.00,0.10,222,8,14.50,-0.63,-0.78,18.25,0
2024-08-10,23.75,18.44,72.25,1.00,5.31,26.25,0.00,223,8,16.00,-0.64,-0.77,14.50,0
2024-08-11,25.75,17.85,61.75,2.00,7.90,29.00,0.00,224,8,16.00,-0.66,-0.76,16.00,0
2024-08-12,26.25,24.66,91.00,0.00,1.59,30.00,2.35,225,8,20.25,-0.67,-0.74,16.00,0
2024-08-13,28.50,24.81,80.50,2.00,3.69,31.00,2.15,226,8,18.00,-0.68,-0.73,20.25,0
2024-08-14,22.75,21.16,90.75,0.00,1.59,26.75,0.00,227,8,17.75,-0.69,-0.72,18.00,0
2024-08-15,24.50,19.39,73.25,3.00,5.11,27.00,0.00,228,8,18.00,-0.71,-0.71,17.75,0
2024-08-16,20.25,19.51,95.50,0.50,0.74,21.25,0.25,229,8,16.75,-0.72,-0.70,18.00,0
2024-08-17,23.25,17.17,68.75,0.00,6.08,26.00,0.00,230,8,15.50,-0.73,-0.68,16.75,0
2024-08-18,20.75,16.77,78.00,2.00,3.98,24.75,0.00,231,8,10.50,-0.74,-0.67,15.50,0
2024-08-19,21.50,17.09,76.00,0.00,4.41,24.00,0.00,232,8,14.00,-0.75,-0.66,10.50,0
2024-08-20,18.75,18.18,96.50,0.00,0.57,25.00,2.85,233,8,12.25,-0.76,-0.65,14.00,0
2024-08-21,18.00,12.71,71.25,2.50,5.29,20.75,0.00,234,8,12.00,-0.77,-0.63,12.25,0
2024-08-27,23.00,16.52,67.00,0.50,6.48,26.00,0.00,240,8,12.00,-0.84,-0.55,12.00,0
2024-08-28,27.00,22.39,76.00,0.00,4.61,29.00,0.00,241,8,15.00,-0.85,-0.53,12.00,0
2024-08-29,21.75,18.24,80.50,1.75,3.51,27.00,0.00,242,8,15.00,-0.85,-0.52,15.00,0
2024-08-30,19.75,16.20,80.00,0.50,3.55,21.00,0.00,243,8,15.00,-0.86,-0.50,15.00,0
2024-08-31,21.25,17.31,78.25,3.00,3.94,23.00,0.00,244,8,16.00,-0.87,-0.49,15.00,0
2024-09-01,26.25,22.57,80.25,2.00,3.68,29.00,0.00,245,9,17.50,-0.88,-0.47,16.00,0
2024-09-02,25.75,21.77,78.75,2.25,3.98,30.50,0.35,246,9,17.25,-0.89,-0.46,17.50,0
2024-09-03,22.25,20.84,91.75,0.00,1.41,24.00,0.20,247,9,17.25,-0.90,-0.44,17.25,0
2024-09-04,20.25,18.47,89.50,0.00,1.78,21.75,0.05,248,9,15.00,-0.90,-0.43,17.25,0
2024-09-05,26.00,21.11,74.50,2.50,4.89,28.00,0.00,249,9,18.25,-0.91,-0.41,15.00,0
2024-09-06,19.25,18.80,97.25,1.00,0.45,26.75,7.00,250,9,17.00,-0.92,-0.40,18.25,0
2024-09-07,24.50,21.22,82.00,0.50,3.28,26.50,0.00,251,9,18.00,-0.92,-0.38,17.00,0
2024-09-08,19.00,16.04,83.00,0.00,2.96,23.00,0.00,252,9,12.00,-0.93,-0.37,18.00,0
2024-09-09,17.50,16.40,93.25,4.50,1.10,21.50,2.45,253,9,11.00,-0.94,-0.35,12.00,0
2024-09-10,15.00,14.53,97.00,4.50,0.47,16.75,0.55,254,9,10.00,-0.94,-0.33,11.00,0
2024-09-11,9.50,8.89,96.00,2.50,0.61,16.00,2.30,255,9,7.00,-0.95,-0.32,10.00,0
2024-09-12,13.50,10.62,82.75,0.00,2.88,16.75,0.00,256,9,5.25,-0.95,-0.30,7.00,0
2024-09-13,13.50,9.48,76.75,1.50,4.02,18.00,0.00,257,9,5.00,-0.96,-0.28,5.25,0
2024-09-14,15.25,12.47,83.50,0.00,2.78,18.50,0.00,258,9,6.00,-0.96,-0.27,5.00,0
2024-09-15,17.00,14.50,85.25,0.00,2.50,20.00,0.00,259,9,9.25,-0.97,-0.25,6.00,0
2024-09-16,17.25,14.88,86.00,1.75,2.37,20.50,0.00,260,9,11.00,-0.97,-0.23,9.25,0
2024-09-17,17.75,14.68,82.25,1.50,3.07,21.00,0.00,261,9,13.00,-0.98,-0.22,11.00,0
2024-09-18,19.00,16.87,87.50,1.50,2.13,22.00,0.00,262,9,14.00,-0.98,-0.20,13.00,0
2024-09-19,18.25,16.27,88.25,2.50,1.98,23.00,0.00,263,9,13.00,-0.98,-0.18,14.00,0
2024-09-20,19.25,15.51,79.00,1.00,3.74,23.00,0.00,264,9,11.00,-0.99,-0.17,13.00,0
2024-09-21,20.00,16.87,82.25,0.00,3.13,24.00,0.00,265,9,10.25,-0.99,-0.15,11.00,0
2024-09-22,20.50,18.44,88.00,0.00,2.06,24.00,0.00,266,9,15.00,-0.99,-0.13,10.25,0
2024-09-23,17.25,14.38,83.25,0.00,2.87,22.00,0.00,267,9,11.00,-0.99,-0.12,15.00,0
2024-09-24,15.25,14.74,96.75,2.00,0.51,20.25,0.85,268,9,13.75,-1.00,-0.10,11.00,0
2024-09-25,14.25,13.74,96.75,0.00,0.51,18.25,1.45,269,9,14.00,-1.00,-0.08,13.75,0
2024-09-26,15.50,14.49,93.75,1.75,1.01,20.25,2.55,270,9,12.00,-1.00,-0.06,14.00,0
2024-09-27,12.00,11.81,98.75,2.00,0.19,14.25,1.75,271,9,7.50,-1.00,-0.05,12.00,0
2024-09-28,11.00,8.82,86.50,0.00,2.18,14.25,0.15,272,9,4.75,-1.00,-0.03,7.50,0
2024-09-29,11.25,9.07,86.50,0.00,2.18,14.75,0.00,273,9,7.00,-1.00,-0.01,4.75,0
2024-09-30,13.75,13.60,99.00,3.50,0.15,13.00,1.50,274,9,12.00,-1.00,0.00,7.00,0
2024-10-01,13.25,12.50,95.25,0.00,0.75,14.00,0.10,275,10,11.00,-1.00,0.02,12.00,0
2024-10-02,11.00,10.39,96.00,2.75,0.61,11.50,0.00,276,10,5.00,-1.00,0.04,11.00,0
2024-10-03,10.75,8.80,87.75,0.00,1.95,15.00,0.00,277,10,2.25,-1.00,0.06,5.00,0
2024-10-04,10.00,8.10,88.00,0.00,1.90,16.00,0.00,278,10,2.00,-1.00,0.07,2.25,0
2024-10-05,10.50,8.50,87.50,0.00,2.00,15.25,0.00,279,10,5.00,-1.00,0.09,2.00,0
2024-10-06,12.50,10.17,85.75,2.25,2.33,15.75,0.00,280,10,12.00,-0.99,0.11,5.00,0
2024-10-07,13.75,12.05,89.50,0.00,1.70,19.25,0.00,281,10,12.50,-0.99,0.12,12.00,0
2024-10-08,15.50,13.91,90.25,0.00,1.59,18.75,0.00,282,10,13.00,-0.99,0.14,12.50,0
2024-10-09,13.00,12.69,98.00,0.00,0.31,16.00,1.90,283,10,12.00,-0.99,0.16,13.00,0
2024-10-10,10.25,8.76,90.50,0.50,1.49,14.75,0.00,284,10,4.00,-0.98,0.18,12.00,0
2024-10-11,9.50,7.57,87.75,0.00,1.93,13.75,0.00,285,10,3.00,-0.98,0.19,4.00,0
2024-10-12,11.00,10.07,94.00,0.00,0.93,12.00,0.05,286,10,8.00,-0.98,0.21,3.00,0
2024-10-13,9.25,8.21,93.25,0.00,1.04,12.00,0.20,287,10,5.25,-0.97,0.23,8.00,0
2024-10-14,7.00,5.75,91.75,0.00,1.25,11.00,0.00,288,10,2.00,-0.97,0.24,5.25,0
2024-10-15,11.25,10.04,92.25,2.00,1.21,14.00,0.00,289,10,10.00,-0.97,0.26,2.00,0
2024-10-16,17.00,15.52,91.00,2.00,1.48,19.00,0.00,290,10,14.00,-0.96,0.28,10.00,0
2024-10-17,16.75,15.98,95.25,0.00,0.77,19.00,0.00,291,10,13.75,-0.96,0.29,14.00,0
2024-10-18,16.00,15.68,98.00,0.00,0.32,17.00,0.00,292,10,13.00,-0.95,0.31,13.75,0
2024-10-19,13.75,12.96,95.00,0.00,0.79,16.00,0.00,293,10,13.00,-0.95,0.33,13.00,0
2024-10-20,16.00,13.57,85.50,2.75,2.43,17.00,0.00,294,10,14.00,-0.94,0.34,13.00,0
2024-10-21,13.00,12.61,97.50,0.00,0.39,15.00,1.50,295,10,9.00,-0.93,0.36,14.00,0
2024-10-22,10.75,9.86,94.25,0.00,0.89,16.50,0.00,296,10,5.75,-0.93,0.37,9.00,0
2024-10-23,10.25,9.95,98.00,0.00,0.30,13.00,0.00,297,10,6.25,-0.92,0.39,5.75,0
2024-10-24,13.00,11.97,93.50,2.00,1.03,15.00,0.00,298,10,9.25,-0.91,0.41,6.25,0
2024-10-25,14.00,13.41,96.25,0.00,0.59,19.00,0.00,299,10,10.00,-0.91,0.42,9.25,0
2024-10-26,14.50,14.03,97.00,0.00,0.47,19.00,0.00,300,10,9.50,-0.90,0.44,10.00,0
2024-10-27,8.50,7.82,95.50,0.00,0.68,17.75,0.00,301,10,6.00,-0.89,0.45,9.50,0
2024-10-28,12.50,12.07,97.25,0.00,0.43,14.00,0.85,302,10,12.00,-0.88,0.47,6.00,0
2024-10-29,13.00,13.00,100.00,1.00,0.00,13.50,0.75,303,10,12.00,-0.88,0.48,12.00,0
2024-10-30,13.00,12.85,99.00,0.00,0.15,14.00,0.00,304,10,12.00,-0.87,0.50,12.00,0
2024-10-31,11.25,10.28,93.75,0.00,0.97,15.00,0.00,305,10,4.00,-0.86,0.51,12.00,0
2024-11-01,11.00,11.00,100.00,1.00,0.00,11.00,0.05,306,11,10.00,-0.85,0.53,4.00,0
2024-11-02,7.25,5.80,90.50,0.00,1.45,12.25,0.05,307,11,1.00,-0.84,0.54,10.00,0
2024-11-03,4.50,3.99,96.50,0.00,0.51,12.25,0.00,308,11,1.00,-0.83,0.56,1.00,0
2024-11-04,8.00,7.13,94.25,2.00,0.87,13.00,0.00,309,11,2.25,-0.82,0.57,1.00,0
2024-11-05,4.00,3.60,97.25,0.00,0.40,12.00,0.00,310,11,4.00,-0.81,0.58,2.25,0
2024-11-06,7.00,6.85,99.00,0.00,0.15,8.00,0.00,311,11,4.00,-0.80,0.60,4.00,0
2024-11-07,4.00,4.00,100.00,2.50,0.00,4.00,0.00,312,11,4.00,-0.79,0.61,4.00,0
2024-11-08,5.00,4.11,94.00,0.50,0.89,5.00,0.00,313,11,5.00,-0.78,0.63,4.00,0
2024-11-09,7.00,6.78,98.50,0.00,0.22,8.00,0.00,314,11,7.00,-0.77,0.64,5.00,0
2024-11-10,9.00,8.81,98.75,0.00,0.19,11.75,0.00,315,11,7.50,-0.76,0.65,7.00,0
2024-11-11,9.00,8.55,97.00,2.75,0.45,12.50,0.15,316,11,8.00,-0.75,0.66,7.50,0
2024-11-12,5.25,4.66,96.00,0.50,0.59,9.50,0.00,317,11,2.00,-0.74,0.68,8.00,0
2024-11-13,7.50,7.17,97.75,0.00,0.33,11.00,0.00,318,11,7.50,-0.72,0.69,2.00,0
2024-11-14,8.00,7.74,98.25,0.00,0.26,11.00,0.00,319,11,7.00,-0.71,0.70,7.50,0
2024-11-15,8.25,7.61,95.75,2.00,0.64,10.00,0.00,320,11,7.00,-0.70,0.71,7.00,0
2024-11-16,8.00,7.29,95.25,5.00,0.71,9.00,0.25,321,11,7.00,-0.69,0.73,7.00,0
2024-11-17,5.00,3.96,93.00,2.25,1.04,9.25,1.50,322,11,3.00,-0.67,0.74,7.00,0
2024-11-18,4.75,4.20,96.25,2.00,0.55,8.00,0.00,323,11,4.00,-0.66,0.75,3.00,0
2024-11-19,0.25,0.08,98.75,0.00,0.17,3.00,0.90,324,11,-0.75,-0.65,0.76,4.00,1
2024-11-20,1.75,1.14,95.75,3.25,0.61,3.00,0.55,325,11,0.25,-0.64,0.77,-0.75,0
2024-11-21,-0.25,-0.63,97.25,0.00,0.38,3.00,0.00,326,11,-2.00,-0.62,0.78,0.25,1
2024-11-22,2.00,1.75,98.25,1.50,0.25,4.00,1.10,327,11,1.00,-0.61,0.79,-2.00,0
2024-11-23,5.50,3.70,88.25,8.00,1.80,6.50,1.05,328,11,5.00,-0.59,0.80,1.00,0
2024-11-24,16.00,11.16,73.00,7.50,4.84,16.75,0.00,329,11,15.00,-0.58,0.81,5.00,0
2024-11-25,9.00,8.59,97.25,6.00,0.41,11.00,1.15,330,11,6.00,-0.57,0.82,15.00,0
2024-11-26,6.75,6.00,95.00,2.75,0.75,7.33,0.00,331,11,3.00,-0.55,0.83,6.00,0
2024-11-27,8.00,6.82,92.25,13.50,1.18,11.00,0.60,332,11,2.75,-0.54,0.84,3.00,0
2024-11-28,5.00,4.67,97.75,0.00,0.33,9.25,0.00,333,11,0.00,-0.52,0.85,2.75,1
2024-11-29,3.50,2.77,95.00,2.50,0.73,8.00,0.00,334,11,1.00,-0.51,0.86,0.00,0
2024-11-30,5.00,3.18,88.00,2.00,1.82,7.00,0.00,335,11,0.25,-0.49,0.87,1.00,0
2024-12-01,6.00,4.36,89.25,3.00,1.64,7.00,0.05,336,12,6.00,-0.48,0.88,0.25,0
2024-12-02,8.00,7.55,97.00,2.75,0.45,11.00,0.55,337,12,5.25,-0.46,0.89,6.00,0
2024-12-03,2.00,1.57,97.00,0.50,0.43,7.75,0.00,338,12,-0.50,-0.45,0.89,5.25,1
2024-12-04,4.75,4.05,95.25,2.75,0.70,5.00,0.05,339,12,3.00,-0.43,0.90,-0.50,0
2024-12-05,7.00,6.85,99.00,6.25,0.15,7.00,2.00,340,12,7.00,-0.42,0.91,3.00,0
2024-12-06,7.75,6.49,91.75,5.25,1.26,9.00,0.05,341,12,5.00,-0.40,0.92,7.00,0
2024-12-07,7.00,6.56,97.00,8.00,0.44,11.00,1.85,342,12,6.00,-0.39,0.92,5.00,0
2024-12-08,5.00,4.49,96.50,9.00,0.51,7.00,0.00,343,12,5.00,-0.37,0.93,6.00,0
2024-12-09,5.75,5.24,96.50,6.00,0.51,6.00,0.00,344,12,5.00,-0.35,0.94,5.00,0
2024-12-10,5.00,3.57,90.50,7.00,1.43,5.00,0.00,345,12,4.00,-0.34,0.94,5.00,0
2024-12-12,3.25,3.11,99.00,3.00,0.14,4.00,0.00,347,12,2.00,-0.30,0.95,4.00,0
2024-12-13,2.00,1.10,93.75,0.50,0.90,1.50,0.00,348,12,1.00,-0.29,0.96,2.00,0
2024-12-14,5.00,4.86,99.00,3.00,0.14,5.00,0.40,349,12,3.00,-0.27,0.96,1.00,0
2024-12-15,9.00,9.00,100.00,9.00,0.00,9.00,0.05,350,12,9.00,-0.26,0.97,3.00,0
2024-12-16,9.00,8.05,93.75,6.00,0.95,9.00,0.05,351,12,7.00,-0.24,0.97,9.00,0
2024-12-17,8.00,7.29,95.25,5.25,0.71,9.00,0.00,352,12,7.00,-0.22,0.98,7.00,0
2024-12-18,13.00,11.89,93.00,9.00,1.11,13.00,0.00,353,12,12.00,-0.21,0.98,7.00,0
2024-12-19,4.50,3.69,94.50,6.00,0.81,7.25,0.85,354,12,3.00,-0.19,0.98,12.00,0
2024-12-20,5.50,4.42,92.75,8.00,1.08,6.75,0.20,355,12,5.00,-0.17,0.99,3.00,0
2024-12-21,8.00,7.78,98.50,11.00,0.22,8.00,2.45,356,12,5.00,-0.15,0.99,5.00,0
2024-12-22,3.00,2.28,95.00,4.50,0.72,5.75,0.20,357,12,3.00,-0.14,0.99,5.00,0
2024-12-23,3.00,2.39,95.75,3.50,0.61,8.00,0.00,358,12,0.50,-0.12,0.99,3.00,0
2024-12-24,6.00,6.00,100.00,4.00,0.00,6.00,0.40,359,12,6.00,-0.10,0.99,0.50,0
2024-12-25,8.00,8.00,100.00,2.75,-0.00,9.25,0.00,360,12,7.00,-0.09,1.00,6.00,0
2024-12-26,4.50,4.50,100.00,3.00,0.00,7.00,0.05,361,12,2.00,-0.07,1.00,7.00,0
2024-12-27,0.00,0.00,100.00,2.00,0.00,3.00,0.00,362,12,-0.50,-0.05,1.00,2.00,1
2024-12-28,0.00,0.00,100.00,2.50,0.00,1.00,0.00,363,12,0.00,-0.03,1.00,-0.50,1
2024-12-29,4.00,4.00,100.00,6.50,0.00,4.00,0.05,364,12,4.00,-0.02,1.00,0.00,0
2024-12-30,6.50,6.06,97.00,7.50,0.44,7.00,0.00,365,12,2.00,0.00,1.00,4.00,0
2024-12-31,4.00,3.27,95.00,10.75,0.73,4.00,0.00,366,12,4.00,0.02,1.00,2.00,0
2025-01-01,6.75,6.31,97.00,7.00,0.44,9.75,2.35,1,1,0.50,0.02,1.00,4.00,0
2025-01-02,1.00,0.72,98.00,2.25,0.28,6.50,0.00,2,1,1.00,0.03,1.00,0.50,0
2025-01-03,2.00,1.72,98.00,3.00,0.28,3.00,0.20,3,1,1.00,0.05,1.00,1.00,0
2025-01-04,1.00,0.65,97.50,2.25,0.35,3.00,0.00,4,1,0.00,0.07,1.00,1.00,1
2025-01-05,11.00,10.77,98.50,10.25,0.23,11.00,5.70,5,1,11.00,0.09,1.00,0.00,0
2025-01-06,5.00,4.00,93.25,15.00,1.00,12.00,0.60,6,1,3.00,0.10,0.99,11.00,0
2025-01-07,3.50,2.74,94.75,6.50,0.76,5.00,0.00,7,1,1.00,0.12,0.99,3.00,0
2025-01-08,2.00,1.57,97.00,1.50,0.43,4.00,0.20,8,1,0.00,0.14,0.99,1.00,1
2025-01-09,2.00,1.57,97.00,5.50,0.43,5.00,1.10,9,1,1.00,0.15,0.99,0.00,0
2025-01-10,2.00,1.28,95.00,3.00,0.72,5.00,0.00,10,1,-3.00,0.17,0.99,1.00,1
2025-01-11,0.00,0.00,100.00,0.00,0.00,0.25,0.10,11,1,-1.00,0.19,0.98,-3.00,1
2025-01-12,1.00,0.72,98.00,0.00,0.28,5.00,0.05,12,1,-2.50,0.21,0.98,-1.00,1
2025-01-13,0.00,-1.41,90.25,2.00,1.41,5.00,0.00,13,1,-3.00,0.22,0.98,-2.50,1
2025-01-14,3.00,2.71,98.00,4.00,0.29,4.00,0.00,14,1,3.00,0.24,0.97,-3.00,0
2025-01-15,6.00,6.00,100.00,1.50,0.00,7.00,0.00,15,1,3.00,0.26,0.97,3.00,0
2025-01-16,2.00,2.00,100.00,2.25,0.00,3.00,0.00,16,1,-1.75,0.27,0.96,3.00,1
2025-01-17,-1.00,-1.00,100.00,1.75,0.00,-1.00,0.00,17,1,-1.75,0.29,0.96,-1.75,1
2025-01-18,-1.00,-1.00,100.00,2.50,0.00,-1.00,0.00,18,1,-1.75,0.30,0.95,-1.75,1
2025-01-19,-1.00,-1.00,100.00,0.00,0.00,-0.25,0.00,19,1,-2.00,0.32,0.95,-1.75,1
2025-01-20,0.00,-0.14,99.00,2.75,0.14,0.00,0.00,20,1,-1.00,0.34,0.94,-2.00,1
2025-01-21,0.00,0.00,100.00,4.00,0.00,0.00,0.00,21,1,-1.50,0.35,0.94,-1.00,1
2025-01-22,4.00,4.00,100.00,2.25,0.00,4.00,1.40,22,1,3.00,0.37,0.93,-1.50,0
2025-01-23,5.00,3.81,92.00,8.00,1.19,6.00,0.30,23,1,5.00,0.39,0.92,3.00,0
2025-01-24,9.00,8.16,94.50,8.00,0.84,9.00,0.40,24,1,5.00,0.40,0.92,5.00,0
2025-01-25,3.00,2.82,98.75,0.00,0.18,7.00,0.00,25,1,2.00,0.42,0.91,5.00,0
2025-01-26,4.00,2.51,90.00,10.25,1.49,4.50,0.15,26,1,4.00,0.43,0.90,2.00,0
2025-01-27,9.00,5.91,81.00,5.75,3.09,12.00,0.00,27,1,6.00,0.45,0.89,4.00,0
2025-01-28,8.00,7.25,95.00,9.75,0.75,9.00,0.05,28,1,6.00,0.46,0.89,6.00,0
2025-01-29,7.00,5.75,91.75,3.50,1.25,8.25,0.00,29,1,5.00,0.48,0.88,6.00,0
2025-01-30,1.75,1.40,97.50,0.00,0.35,6.00,0.30,30,1,0.00,0.49,0.87,5.00,1
2025-01-31,0.25,-0.10,97.50,0.00,0.35,6.75,0.00,31,1,-3.00,0.51,0.86,0.00,1
2025-02-01,-0.50,-1.31,94.25,0.00,0.81,7.00,0.00,32,2,-4.00,0.52,0.85,-3.00,1
2025-02-02,-1.50,-2.27,94.50,0.00,0.77,5.00,0.00,33,2,-5.75,0.54,0.84,-4.00,1
2025-02-03,1.50,0.78,95.00,2.00,0.72,7.00,0.00,34,2,0.00,0.55,0.83,-5.75,1
2025-02-04,2.25,1.49,94.75,6.25,0.76,4.00,0.00,35,2,1.00,0.57,0.82,0.00,0
2025-02-05,3.50,2.96,96.25,0.00,0.54,6.00,0.00,36,2,2.75,0.58,0.81,1.00,0
2025-02-06,4.00,3.12,94.00,2.75,0.88,7.25,0.00,37,2,2.75,0.59,0.80,2.75,0
2025-02-07,3.50,0.80,82.50,12.00,2.70,4.25,0.00,38,2,2.00,0.61,0.79,2.75,0
2025-02-08,4.00,2.43,89.50,2.00,1.57,6.00,0.00,39,2,0.50,0.62,0.78,2.00,0
2025-02-09,3.75,1.94,88.00,5.00,1.81,5.00,0.00,40,2,0.50,0.64,0.77,0.50,0
2025-02-10,2.00,1.36,95.50,10.25,0.64,3.00,0.50,41,2,1.25,0.65,0.76,0.50,0
2025-02-11,4.00,3.27,95.00,3.25,0.73,4.00,0.60,42,2,3.00,0.66,0.75,1.25,0
2025-02-12,4.00,3.57,97.00,0.00,0.43,5.00,0.05,43,2,0.00,0.67,0.74,3.00,1
2025-02-13,0.00,-0.63,95.50,0.00,0.63,0.50,0.00,44,2,-3.00,0.69,0.73,0.00,1
2025-02-14,1.50,0.04,90.00,1.00,1.46,3.75,0.00,45,2,0.00,0.70,0.71,-3.00,1
2025-02-15,2.00,0.57,90.25,1.50,1.43,3.25,0.00,46,2,-1.00,0.71,0.70,0.00,1
2025-02-16,0.50,-1.89,84.00,5.00,2.39,4.00,0.00,47,2,-5.00,0.72,0.69,-1.00,1
2025-02-17,-0.50,-4.48,74.50,2.25,3.98,3.00,0.00,48,2,-4.75,0.74,0.68,-5.00,1
2025-02-18,0.00,-4.36,72.50,5.75,4.36,2.50,0.00,49,2,-3.00,0.75,0.66,-4.75,1
2025-02-19,3.00,-3.58,62.00,2.25,6.58,6.00,0.00,50,2,-1.00,0.76,0.65,-3.00,1
2025-02-20,10.50,9.49,93.50,4.75,1.01,12.00,0.00,51,2,9.00,0.77,0.64,-1.00,0
2025-02-21,14.00,10.79,81.00,5.50,3.21,18.00,0.00,52,2,9.00,0.78,0.63,9.00,0
2025-02-22,10.00,9.55,97.00,4.50,0.45,11.75,0.20,53,2,8.00,0.79,0.61,9.00,0
2025-02-23,11.00,8.40,84.00,4.50,2.60,14.75,0.00,54,2,11.00,0.80,0.60,8.00,0
2025-02-24,10.00,9.31,95.50,4.50,0.69,13.00,0.35,55,2,7.00,0.81,0.58,11.00,0
2025-02-25,9.75,8.55,92.25,0.00,1.20,12.75,0.65,56,2,4.00,0.82,0.57,7.00,0
2025-02-26,8.25,4.64,78.00,5.25,3.61,11.00,0.45,57,2,4.00,0.83,0.56,4.00,0
2025-02-27,5.50,4.80,95.25,4.25,0.70,8.00,0.60,58,2,4.00,0.84,0.54,4.00,0
2025-02-28,4.25,3.14,92.50,1.25,1.11,8.25,0.00,59,2,1.25,0.85,0.53,4.00,0
2025-03-01,1.50,0.53,93.25,0.00,0.97,5.00,0.00,60,3,-2.25,0.86,0.51,1.25,1
2025-03-02,3.00,0.92,86.25,0.00,2.08,9.00,0.00,61,3,-4.00,0.87,0.50,-2.25,1
2025-03-03,4.00,1.86,86.00,0.00,2.14,11.75,0.00,62,3,-4.00,0.88,0.48,-4.00,1
2025-03-04,6.00,2.49,78.25,1.50,3.51,12.50,0.00,63,3,-3.00,0.88,0.47,-4.00,1
2025-03-05,7.50,3.09,73.75,0.00,4.41,16.75,0.00,64,3,-0.75,0.89,0.45,-3.00,1
2025-03-06,11.00,3.58,60.25,0.00,7.42,18.00,0.00,65,3,2.00,0.90,0.44,-0.75,0
2025-03-07,11.25,6.66,73.50,0.00,4.59,18.00,0.00,66,3,1.00,0.91,0.42,2.00,0
2025-03-08,12.25,3.27,54.25,0.00,8.98,19.00,0.00,67,3,3.50,0.91,0.41,1.00,0
2025-03-09,10.50,5.34,70.50,0.00,5.16,17.50,0.00,68,3,1.00,0.92,0.39,3.50,0
2025-03-10,9.00,3.39,68.00,0.00,5.61,17.25,0.00,69,3,2.50,0.93,0.37,1.00,0
2025-03-11,5.50,2.75,82.50,3.75,2.75,8.25,0.00,70,3,0.00,0.93,0.36,2.50,1
2025-03-12,5.00,2.39,83.25,0.50,2.61,8.50,0.00,71,3,-2.00,0.94,0.34,0.00,1
2025-03-13,4.00,2.62,90.75,3.25,1.38,6.75,0.00,72,3,-4.50,0.95,0.33,-2.00,1
2025-03-14,3.00,-0.33,78.75,1.75,3.33,6.00,0.00,73,3,-1.00,0.95,0.31,-4.50,1
2025-03-15,4.75,0.31,73.00,5.50,4.44,7.25,0.00,74,3,-1.00,0.96,0.29,-1.00,1
2025-03-16,4.50,1.47,80.75,2.00,3.03,10.75,0.00,75,3,4.50,0.96,0.28,-1.00,0
2025-03-19,11.50,4.60,62.75,0.00,6.90,18.00,0.00,78,3,0.50,0.97,0.23,4.50,0
2025-03-20,12.50,6.34,66.25,0.00,6.16,19.00,0.00,79,3,3.25,0.98,0.21,0.50,0
2025-03-21,16.75,8.62,58.75,3.00,8.13,22.25,0.00,80,3,10.75,0.98,0.19,3.25,0
2025-03-22,15.75,8.83,63.50,4.25,6.92,18.00,0.15,81,3,9.25,0.98,0.18,10.75,0
2025-03-23,13.25,9.81,79.75,0.00,3.44,17.00,0.00,82,3,5.00,0.99,0.16,9.25,0
2025-03-24,9.00,7.44,90.00,7.50,1.56,17.00,0.00,83,3,5.00,0.99,0.14,5.00,0
2025-03-25,9.75,7.25,84.50,5.00,2.50,13.25,0.00,84,3,6.75,0.99,0.12,5.00,0
2025-03-26,9.25,6.24,81.50,0.50,3.01,11.00,0.00,85,3,-1.00,0.99,0.11,6.75,1
2025-03-27,11.00,5.64,69.75,0.00,5.36,16.75,0.00,86,3,-0.25,1.00,0.09,-1.00,1
2025-03-28,10.00,9.43,96.25,1.75,0.57,12.25,0.20,87,3,4.25,1.00,0.07,-0.25,0
2025-03-29,7.00,4.13,82.00,1.25,2.87,13.75,0.00,88,3,4.75,1.00,0.06,4.25,0
2025-03-30,10.25,6.39,77.00,11.50,3.86,13.00,0.00,89,3,7.00,1.00,0.04,4.75,0
2025-03-31,11.25,5.65,68.50,7.00,5.60,13.25,0.20,90,3,1.00,1.00,0.02,7.00,0
2025-04-01,12.75,4.43,57.00,7.25,8.32,14.25,0.00,91,4,5.00,1.00,0.00,1.00,0
2025-04-02,16.00,5.99,51.50,10.75,10.01,17.50,0.00,92,4,8.00,1.00,-0.01,5.00,0
2025-04-03,19.00,7.50,47.25,4.50,11.50,21.00,0.00,93,4,3.25,1.00,-0.03,8.00,0
2025-04-04,20.50,7.39,42.75,4.75,13.11,22.00,0.00,94,4,4.00,1.00,-0.05,3.25,0
2025-04-05,14.50,2.69,45.00,10.50,11.81,17.00,0.00,95,4,3.75,1.00,-0.06,4.00,0
2025-04-06,10.75,-0.73,45.00,6.50,11.48,12.00,0.00,96,4,0.50,1.00,-0.08,3.75,0
2025-04-07,12.50,1.77,48.00,4.50,10.73,14.00,0.00,97,4,1.75,1.00,-0.10,0.50,0
2025-04-08,13.75,5.93,59.25,4.50,7.82,16.00,0.00,98,4,3.50,0.99,-0.12,1.75,0
2025-04-09,10.25,5.76,73.75,10.50,4.49,15.00,0.00,99,4,7.25,0.99,-0.13,3.50,0
2025-04-10,12.50,7.38,71.00,7.00,5.12,15.00,0.00,100,4,1.50,0.99,-0.15,7.25,0
2025-04-11,17.50,10.07,61.75,4.00,7.43,20.00,0.00,101,4,4.00,0.99,-0.17,1.50,0
2025-04-12,22.50,8.31,40.25,7.50,14.19,23.00,0.00,102,4,13.00,0.98,-0.18,4.00,0
2025-04-13,14.25,12.96,92.00,1.50,1.29,17.25,0.20,103,4,8.50,0.98,-0.20,13.00,0
2025-04-14,16.50,9.95,65.25,4.00,6.55,18.25,0.00,104,4,9.00,0.98,-0.22,8.50,0
2025-04-15,14.00,13.29,95.50,2.75,0.71,22.50,0.30,105,4,11.00,0.97,-0.23,9.00,0
2025-04-16,11.00,9.46,90.25,0.00,1.54,11.00,0.25,106,4,8.00,0.97,-0.25,11.00,0
2025-04-17,9.00,8.40,96.00,1.50,0.60,11.00,1.45,107,4,7.00,0.96,-0.27,8.00,0
2025-04-18,13.75,8.29,69.75,2.50,5.46,15.25,0.00,108,4,3.25,0.96,-0.28,7.00,0
2025-04-19,15.25,7.15,58.50,3.50,8.10,16.25,0.00,109,4,3.00,0.95,-0.30,3.25,0
2025-04-20,15.50,9.72,68.50,2.75,5.78,18.25,1.55,110,4,9.50,0.95,-0.32,3.00,0
2025-04-21,15.00,11.24,78.25,3.00,3.76,16.50,0.00,111,4,8.75,0.94,-0.33,9.50,0
2025-04-22,16.50,11.20,71.00,1.50,5.30,18.00,0.00,112,4,9.00,0.94,-0.35,8.75,0
2025-04-23,14.50,12.23,86.25,0.00,2.27,15.75,0.00,113,4,10.00,0.93,-0.37,9.00,0
2025-04-24,11.00,10.62,97.50,6.00,0.38,13.00,0.50,114,4,7.25,0.92,-0.38,10.00,0
2025-04-25,11.50,9.19,85.75,2.25,2.31,11.50,0.00,115,4,3.75,0.92,-0.40,7.25,0
2025-04-26,18.00,9.28,56.75,4.00,8.72,19.00,0.00,116,4,5.25,0.91,-0.41,3.75,0
2025-04-27,20.50,10.15,51.50,2.75,10.35,22.00,0.00,117,4,3.00,0.90,-0.43,5.25,0
2025-04-28,21.00,11.33,54.00,2.75,9.67,23.00,0.00,118,4,5.00,0.90,-0.44,3.00,0
2025-04-30,24.25,12.61,48.25,0.00,11.64,26.25,0.00,120,4,8.00,0.88,-0.47,5.00,0
2025-05-01,28.25,16.25,48.25,0.00,12.00,30.25,0.00,121,5,10.00,0.87,-0.49,8.00,0
2025-05-02,23.50,15.60,61.25,2.00,7.90,27.00,0.00,122,5,8.00,0.86,-0.50,10.00,0
2025-05-03,15.00,8.92,67.00,5.25,6.08,20.50,0.00,123,5,7.00,0.85,-0.52,8.00,0
2025-05-04,10.75,5.95,72.25,3.50,4.80,13.75,0.00,124,5,3.00,0.85,-0.53,7.00,0
2025-05-05,13.50,4.69,55.25,3.00,8.81,15.50,0.00,125,5,5.00,0.84,-0.55,3.00,0
2025-05-06,12.50,9.14,80.00,2.50,3.36,15.25,0.00,126,5,6.50,0.83,-0.56,5.00,0
2025-05-07,16.00,9.81,66.75,2.00,6.19,17.75,0.00,127,5,3.00,0.82,-0.58,6.50,0
2025-05-08,15.75,5.34,50.00,1.50,10.41,19.00,0.00,128,5,2.50,0.81,-0.59,3.00,0
2025-05-09,19.50,7.00,44.25,2.25,12.50,20.25,0.00,129,5,4.00,0.80,-0.61,2.50,0
2025-05-10,21.00,7.58,42.00,2.75,13.42,23.00,0.00,130,5,8.25,0.79,-0.62,4.00,0
2025-05-11,24.00,10.47,42.50,2.25,13.53,25.25,0.00,131,5,11.00,0.77,-0.63,8.25,0
2025-05-12,21.75,8.34,42.25,4.00,13.41,24.00,0.00,132,5,10.25,0.76,-0.65,11.00,0
2025-05-13,21.75,6.80,38.00,2.50,14.95,23.25,0.00,133,5,7.25,0.75,-0.66,10.25,0
2025-05-14,17.50,8.72,56.50,4.00,8.78,23.00,0.00,134,5,6.50,0.74,-0.67,7.25,0
2025-05-15,19.00,5.78,42.00,2.75,13.22,21.00,0.00,135,5,4.25,0.73,-0.68,6.50,0
2025-05-16,13.75,9.33,74.75,4.50,4.42,20.75,0.00,136,5,5.50,0.72,-0.70,4.25,0
2025-05-17,17.75,10.90,64.25,3.50,6.85,21.75,0.00,137,5,10.50,0.71,-0.71,5.50,0
2025-05-18,18.25,12.65,70.00,0.00,5.60,19.25,0.00,138,5,4.00,0.69,-0.72,10.50,0
2025-05-19,21.50,11.65,53.50,2.50,9.85,23.00,0.00,139,5,6.25,0.68,-0.73,4.00,0
2025-05-20,20.75,10.60,52.25,3.00,10.15,24.75,0.00,140,5,6.00,0.67,-0.74,6.25,0
2025-05-21,16.25,9.83,65.75,3.50,6.42,20.00,0.00,141,5,5.00,0.66,-0.76,6.00,0
2025-05-22,13.25,5.27,58.50,5.00,7.98,16.50,0.00,142,5,5.00,0.64,-0.77,5.00,0
2025-05-23,13.75,7.03,64.00,4.50,6.72,14.50,0.10,143,5,4.00,0.63,-0.78,5.00,0
2025-05-24,13.00,12.85,99.00,2.25,0.15,15.50,1.25,144,5,12.75,0.62,-0.79,4.00,0
2025-05-25,18.50,14.38,77.00,4.75,4.12,19.75,0.15,145,5,11.75,0.60,-0.80,12.75,0
2025-05-26,18.00,9.73,58.50,3.50,8.27,20.00,0.00,146,5,12.00,0.59,-0.81,11.75,0
2025-05-27,14.75,14.52,98.50,4.00,0.23,19.25,3.45,147,5,14.00,0.57,-0.82,12.00,0
2025-05-28,17.50,12.49,72.50,2.75,5.01,19.00,0.15,148,5,7.00,0.56,-0.83,14.00,0
2025-05-29,19.00,16.47,85.25,5.00,2.53,19.50,0.00,149,5,15.00,0.55,-0.84,7.00,0
2025-05-30,23.50,19.18,76.75,2.25,4.32,25.25,0.00,150,5,10.00,0.53,-0.85,15.00,0
2025-05-31,26.00,19.02,65.50,0.00,6.98,28.50,0.00,151,5,15.00,0.52,-0.86,10.00,0
2025-06-01,19.50,13.43,68.00,4.00,6.07,21.00,0.00,152,6,9.00,0.50,-0.87,15.00,0
2025-06-02,18.75,11.36,62.25,2.50,7.39,21.00,0.45,153,6,6.00,0.49,-0.87,9.00,0
2025-06-03,21.75,12.16,54.50,2.75,9.59,24.00,0.00,154,6,13.00,0.47,-0.88,6.00,0
2025-06-04,18.25,12.95,71.25,2.50,5.30,19.25,0.00,155,6,9.00,0.46,-0.89,13.00,0
2025-06-05,17.75,13.71,77.25,3.50,4.04,18.25,1.30,156,6,13.00,0.44,-0.90,9.00,0
2025-06-06,15.75,14.83,94.25,1.50,0.92,19.75,0.85,157,6,11.00,0.43,-0.91,13.00,0
2025-06-07,16.75,12.54,76.25,3.75,4.21,17.00,0.85,158,6,11.00,0.41,-0.91,11.00,0
2025-06-08,14.25,9.83,74.75,5.25,4.42,15.25,1.10,159,6,9.00,0.39,-0.92,11.00,0
2025-06-09,18.50,12.59,68.50,3.00,5.91,21.00,0.00,160,6,12.00,0.38,-0.93,9.00,0
2025-06-10,17.75,13.86,78.00,4.25,3.89,18.75,0.30,161,6,7.00,0.36,-0.93,12.00,0
2025-06-11,20.00,13.28,65.25,2.00,6.72,21.00,0.00,162,6,10.25,0.35,-0.94,7.00,0
2025-06-12,26.50,16.83,55.50,2.75,9.67,27.00,0.00,163,6,16.00,0.33,-0.94,10.25,0
2025-06-13,30.25,21.13,58.25,2.25,9.12,32.00,0.00,164,6,19.00,0.31,-0.95,16.00,0
2025-06-14,26.25,21.95,77.25,2.50,4.30,31.00,0.00,165,6,14.00,0.30,-0.95,19.00,0
2025-06-15,21.50,14.76,65.50,3.50,6.74,24.25,0.00,166,6,10.00,0.28,-0.96,14.00,0
2025-06-16,23.25,15.86,63.25,2.75,7.39,26.50,0.00,167,6,9.00,0.26,-0.96,10.00,0
2025-06-17,24.00,16.95,64.75,2.25,7.05,29.00,0.00,168,6,11.00,0.25,-0.97,9.00,0
2025-06-18,25.25,17.50,62.25,2.25,7.75,29.25,0.00,169,6,11.00,0.23,-0.97,11.00,0
2025-06-19,24.00,16.01,61.00,2.00,7.99,25.75,0.00,170,6,11.25,0.21,-0.98,11.00,0
2025-06-20,24.75,12.83,47.50,2.25,11.92,26.00,0.00,171,6,10.00,0.20,-0.98,11.25,0
2025-06-21,30.50,15.87,41.50,0.00,14.63,31.75,0.00,172,6,14.00,0.18,-0.98,10.00,0
2025-06-22,25.00,17.52,63.25,2.75,7.48,31.00,0.05,173,6,17.50,0.16,-0.99,14.00,0
2025-06-23,19.50,11.00,58.00,4.00,8.50,21.25,0.00,174,6,13.00,0.15,-0.99,17.50,0
2025-06-24,21.50,18.24,81.75,2.50,3.26,20.00,0.00,175,6,16.25,0.13,-0.99,13.00,0
2025-06-25,27.75,20.18,63.50,1.00,7.57,29.50,0.00,176,6,18.00,0.11,-0.99,16.25,0
2025-06-26,21.00,18.61,86.25,5.00,2.39,24.00,0.00,177,6,14.00,0.09,-1.00,18.00,0
2025-06-27,24.00,18.13,69.75,1.50,5.87,25.00,0.00,178,6,17.00,0.08,-1.00,14.00,0
2025-06-28,25.75,21.57,77.75,3.00,4.18,26.00,0.00,179,6,17.25,0.06,-1.00,17.00,0
2025-06-29,27.00,20.94,69.50,2.00,6.06,31.00,0.00,180,6,13.75,0.04,-1.00,17.25,0
2025-06-30,24.75,21.41,81.75,2.00,3.34,27.50,3.30,181,6,15.00,0.03,-1.00,13.75,0
2025-07-01,29.00,25.51,81.50,0.00,3.49,32.00,5.65,182,7,18.75,0.01,-1.00,15.00,0
2025-07-02,25.25,19.66,71.25,0.50,5.59,33.00,2.40,183,7,13.00,-0.01,-1.00,18.75,0
2025-07-03,22.50,14.53,60.75,2.00,7.97,25.50,0.00,184,7,9.50,-0.03,-1.00,13.00,0
2025-07-04,24.50,14.51,53.75,2.50,9.99,27.00,0.00,185,7,13.50,-0.04,-1.00,9.50,0
2025-07-05,21.50,16.93,75.25,3.00,4.57,22.00,0.15,186,7,17.00,-0.06,-1.00,13.50,0
2025-07-06,18.75,17.76,94.00,0.00,0.99,18.75,3.40,187,7,14.00,-0.08,-1.00,17.00,0
2025-07-07,17.50,12.71,73.50,3.00,4.79,20.25,0.00,188,7,10.50,-0.09,-1.00,14.00,0
2025-07-08,16.75,13.46,81.00,3.00,3.29,20.00,0.00,189,7,11.25,-0.11,-0.99,10.50,0
2025-07-09,22.75,12.50,52.50,1.00,10.25,26.50,0.00,190,7,11.00,-0.13,-0.99,11.25,0
2025-07-10,24.25,17.36,65.50,1.50,6.89,26.25,0.00,191,7,12.50,-0.15,-0.99,11.00,0
2025-07-11,24.75,18.32,67.50,2.00,6.43,25.25,0.00,192,7,14.00,-0.16,-0.99,12.50,0
2025-07-12,25.25,16.33,57.75,2.25,8.92,28.00,0.00,193,7,17.00,-0.18,-0.98,14.00,0
2025-07-13,22.00,18.69,81.50,0.00,3.31,27.50,0.00,194,7,15.00,-0.20,-0.98,17.00,0
2025-07-14,24.25,18.31,69.50,3.00,5.94,26.75,0.00,195,7,16.00,-0.21,-0.98,15.00,0
2025-07-15,19.25,15.61,79.50,0.00,3.64,23.25,0.00,196,7,14.75,-0.23,-0.97,16.00,0
2025-07-16,21.00,16.66,76.25,3.00,4.34,21.25,0.35,197,7,12.00,-0.25,-0.97,14.75,0
2025-07-17,24.00,17.67,67.75,0.50,6.33,25.00,0.00,198,7,11.50,-0.26,-0.96,12.00,0
2025-07-18,26.50,18.49,61.50,0.00,8.01,27.50,0.00,199,7,16.00,-0.28,-0.96,11.50,0
2025-07-19,27.00,19.72,64.50,2.00,7.28,29.25,0.10,200,7,18.50,-0.30,-0.95,16.00,0
2025-07-20,19.00,18.55,97.25,1.00,0.45,27.00,0.70,201,7,15.00,-0.31,-0.95,18.50,0
2025-07-21,20.25,18.20,88.00,1.75,2.05,24.25,1.15,202,7,16.00,-0.33,-0.94,15.00,0
2025-07-22,22.50,17.63,74.00,3.00,4.87,24.00,0.00,203,7,16.25,-0.35,-0.94,16.00,0
2025-07-23,20.00,19.26,95.50,1.00,0.74,22.75,0.55,204,7,13.00,-0.36,-0.93,16.25,0
2025-07-24,24.25,19.04,72.75,0.00,5.21,27.00,0.00,205,7,14.00,-0.38,-0.93,13.00,0
2025-07-25,22.00,18.73,81.75,0.00,3.27,22.50,0.05,206,7,12.50,-0.39,-0.92,14.00,0
2025-07-26,22.00,17.73,76.75,0.00,4.27,27.50,0.00,207,7,16.00,-0.41,-0.91,12.50,0
2025-07-27,18.25,16.49,89.50,0.50,1.76,22.50,0.55,208,7,12.00,-0.43,-0.91,16.00,0
2025-07-28,18.50,16.64,89.00,0.00,1.86,20.25,2.05,209,7,13.00,-0.44,-0.90,12.00,0
2025-07-29,20.25,14.76,70.75,0.00,5.49,23.50,0.00,210,7,11.00,-0.46,-0.89,13.00,0
2025-07-30,20.00,14.57,71.00,2.00,5.43,23.75,0.00,211,7,15.00,-0.47,-0.88,11.00,0
2025-07-31,19.25,17.74,91.00,2.00,1.51,22.50,0.50,212,7,13.00,-0.49,-0.87,15.00,0
2025-08-01,19.00,16.42,85.00,1.00,2.58,21.50,1.20,213,8,14.00,-0.50,-0.87,13.00,0
2025-08-02,18.00,15.35,84.50,0.00,2.65,20.00,0.25,214,8,14.00,-0.52,-0.86,14.00,0
2025-08-03,20.25,16.18,77.50,2.50,4.07,23.50,0.90,215,8,17.00,-0.53,-0.85,14.00,0
2025-08-04,23.00,19.31,79.75,3.50,3.69,25.00,1.00,216,8,14.25,-0.55,-0.84,17.00,0
2025-08-05,17.25,13.10,77.25,2.25,4.15,21.25,0.40,217,8,11.00,-0.56,-0.83,14.25,0
2025-08-06,21.50,15.22,67.50,0.00,6.28,23.00,0.00,218,8,13.00,-0.57,-0.82,11.00,0
2025-08-07,22.00,17.92,77.75,0.00,4.08,25.25,0.00,219,8,16.00,-0.59,-0.81,13.00,0
2025-08-08,23.00,18.70,76.75,2.00,4.30,25.00,0.00,220,8,11.00,-0.60,-0.80,16.00,0
2025-08-09,22.50,16.86,70.50,2.50,5.64,26.50,0.00,221,8,10.50,-0.62,-0.79,11.00,0
2025-08-10,23.50,17.01,67.00,1.00,6.49,26.50,0.00,222,8,11.00,-0.63,-0.78,10.50,0
2025-08-11,26.50,17.82,59.00,1.00,8.68,29.00,0.00,223,8,14.00,-0.64,-0.77,11.00,0
2025-08-12,28.50,21.83,67.25,0.00,6.67,30.75,0.00,224,8,15.00,-0.66,-0.76,14.00,0
2025-08-13,28.50,23.90,76.25,1.00,4.60,31.50,2.65,225,8,19.00,-0.67,-0.74,15.00,0
2025-08-14,27.50,22.94,76.25,2.75,4.56,33.00,0.00,226,8,15.00,-0.68,-0.73,19.00,0
2025-08-15,25.50,20.35,73.25,2.00,5.15,29.00,0.00,227,8,18.00,-0.69,-0.72,15.00,0
2025-08-16,19.50,15.20,76.25,1.50,4.30,21.00,0.00,228,8,9.00,-0.71,-0.71,18.00,0
2025-08-17,19.25,16.71,85.25,0.50,2.54,20.75,0.00,229,8,16.00,-0.72,-0.70,9.00,0
2025-08-18,23.75,15.71,60.75,2.00,8.04,25.75,0.00,230,8,13.50,-0.73,-0.68,16.00,0
2025-08-19,24.75,18.08,66.50,2.50,6.67,29.00,0.00,231,8,12.50,-0.74,-0.67,13.50,0
2025-08-20,23.00,15.93,64.50,2.25,7.07,24.50,0.00,232,8,10.75,-0.75,-0.66,12.50,0
2025-08-21,18.00,12.05,68.25,2.00,5.95,22.75,0.00,233,8,11.00,-0.76,-0.65,10.75,0
2025-08-22,16.50,12.10,75.25,0.50,4.40,18.50,0.00,234,8,13.00,-0.77,-0.63,11.00,0
2025-08-23,16.50,12.10,75.25,1.00,4.40,19.75,0.00,235,8,6.00,-0.79,-0.62,13.00,0
2025-08-24,19.00,12.14,64.50,0.50,6.86,23.25,0.00,236,8,6.00,-0.80,-0.61,6.00,0
2025-08-25,21.50,14.48,64.50,0.50,7.02,24.25,0.00,237,8,9.00,-0.81,-0.59,6.00,0
2025-08-26,25.50,16.80,58.75,0.50,8.70,26.75,0.00,238,8,14.25,-0.82,-0.58,9.00,0
2025-08-27,24.50,18.24,68.25,0.00,6.26,26.00,0.00,239,8,13.00,-0.83,-0.56,14.25,0
2025-08-28,21.00,16.60,76.00,2.75,4.40,25.75,0.00,240,8,11.00,-0.84,-0.55,13.00,0
2025-08-29,18.25,15.37,83.50,1.25,2.88,23.75,1.50,241,8,13.00,-0.85,-0.53,11.00,0
2025-08-30,20.50,16.07,75.75,1.50,4.43,23.50,0.00,242,8,17.00,-0.85,-0.52,13.00,0
2025-08-31,21.00,18.47,85.50,2.00,2.53,23.75,0.00,243,8,16.00,-0.86,-0.50,17.00,0
2025-09-01,20.50,15.43,72.75,0.00,5.07,23.50,0.00,244,9,14.00,-0.87,-0.49,16.00,0
2025-09-02,18.75,14.02,74.25,2.25,4.73,23.00,0.00,245,9,16.00,-0.88,-0.47,14.00,0
2025-09-03,21.25,18.75,85.75,4.00,2.50,22.00,0.55,246,9,15.00,-0.89,-0.46,16.00,0
2025-09-04,20.25,16.22,77.75,2.50,4.03,23.50,0.70,247,9,12.00,-0.90,-0.44,15.00,0
2025-09-05,18.75,14.63,77.00,1.50,4.12,21.25,1.75,248,9,8.00,-0.90,-0.43,12.00,0
2025-09-06,20.00,15.00,73.00,0.50,5.00,23.25,0.00,249,9,11.00,-0.91,-0.41,8.00,0
2025-09-07,24.25,16.18,60.75,2.00,8.07,27.00,0.00,250,9,16.00,-0.92,-0.40,11.00,0
2025-09-08,19.50,15.55,78.00,0.50,3.95,24.50,0.00,251,9,14.75,-0.92,-0.38,16.00,0
2025-09-09,14.00,13.05,94.00,0.00,0.95,14.75,1.90,252,9,8.00,-0.93,-0.37,14.75,0
2025-09-10,18.50,13.77,74.00,2.00,4.73,21.00,0.05,253,9,15.00,-0.94,-0.35,8.00,0
2025-09-11,14.00,13.65,97.75,1.50,0.35,19.25,1.15,254,9,11.00,-0.94,-0.33,15.00,0
2025-09-12,15.75,11.96,78.25,1.75,3.79,20.00,0.00,255,9,11.25,-0.95,-0.32,11.00,0
2025-09-13,12.00,11.77,98.50,0.00,0.23,19.75,3.80,256,9,10.00,-0.95,-0.30,11.25,0
2025-09-14,16.00,13.51,85.25,0.00,2.49,20.25,0.25,257,9,14.00,-0.96,-0.28,10.00,0
2025-09-15,16.00,13.25,83.75,6.50,2.75,20.00,0.10,258,9,12.50,-0.96,-0.27,14.00,0
2025-09-16,14.75,13.04,89.50,3.00,1.71,17.25,0.10,259,9,11.75,-0.97,-0.25,12.50,0
2025-09-17,15.00,14.53,97.00,0.00,0.47,17.00,0.10,260,9,15.00,-0.97,-0.23,11.75,0
2025-09-18,19.00,17.50,91.00,2.00,1.50,20.75,0.00,261,9,13.75,-0.98,-0.22,15.00,0
2025-09-19,21.25,18.90,86.50,0.00,2.35,25.00,0.00,262,9,13.00,-0.98,-0.20,13.75,0
2025-09-20,19.25,18.68,96.50,0.00,0.57,24.75,0.25,263,9,14.00,-0.98,-0.18,13.00,0
2025-09-21,14.00,10.92,81.75,0.50,3.08,16.00,0.05,264,9,6.00,-0.99,-0.17,14.00,0
2025-09-22,12.50,9.23,80.50,1.00,3.27,16.50,0.00,265,9,6.00,-0.99,-0.15,6.00,0
2025-09-23,12.00,9.59,85.25,0.00,2.41,18.00,0.00,266,9,7.00,-0.99,-0.13,6.00,0
2025-09-24,11.75,7.49,75.25,0.00,4.26,16.00,0.00,267,9,8.25,-0.99,-0.12,7.00,0
2025-09-25,12.50,7.32,70.75,4.00,5.18,14.50,0.00,268,9,10.00,-1.00,-0.10,8.25,0
2025-09-26,12.25,10.23,87.50,0.00,2.02,15.50,0.00,269,9,8.00,-1.00,-0.08,10.00,0
2025-09-27,14.25,13.17,93.25,0.00,1.08,17.50,0.00,270,9,6.00,-1.00,-0.06,8.00,0
2025-09-28,15.50,13.34,87.00,0.00,2.16,20.00,0.00,271,9,7.00,-1.00,-0.05,6.00,0
2025-09-29,15.00,13.11,88.50,0.00,1.89,20.00,0.00,272,9,7.25,-1.00,-0.03,7.00,0
2025-09-30,12.75,11.56,92.50,0.00,1.19,19.50,0.15,273,9,4.00,-1.00,-0.01,7.25,0
2025-10-01,13.00,10.31,83.75,0.00,2.69,17.50,0.00,274,10,4.00,-1.00,0.00,4.00,0
2025-10-02,12.25,8.84,79.75,0.00,3.41,18.00,0.00,275,10,9.00,-1.00,0.02,4.00,0
2025-10-03,12.25,10.01,86.25,2.00,2.24,13.25,0.85,276,10,10.00,-1.00,0.04,9.00,0
2025-10-04,10.00,9.27,95.25,5.75,0.73,15.00,0.75,277,10,10.00,-1.00,0.06,10.00,0
2025-10-05,11.00,10.11,94.25,1.50,0.89,13.25,0.30,278,10,8.25,-1.00,0.07,10.00,0
2025-10-06,13.00,12.85,99.00,0.00,0.15,15.50,0.50,279,10,13.00,-1.00,0.09,8.25,0
2025-10-07,15.00,14.41,96.25,0.00,0.59,17.25,0.00,280,10,12.25,-0.99,0.11,13.00,0
2025-10-08,14.75,14.24,96.75,0.00,0.51,16.75,0.05,281,10,9.25,-0.99,0.12,12.25,0
2025-10-09,13.50,11.93,90.25,0.00,1.57,17.75,0.00,282,10,10.25,-0.99,0.14,9.25,0
2025-10-10,15.25,14.29,94.00,0.00,0.96,18.00,0.00,283,10,13.00,-0.99,0.16,10.25,0
2025-10-11,14.00,13.21,95.00,0.00,0.79,17.00,0.00,284,10,11.25,-0.98,0.18,13.00,0
2025-10-12,14.25,13.94,98.00,0.00,0.31,17.00,0.00,285,10,13.00,-0.98,0.19,11.25,0
2025-10-13,13.75,12.80,94.00,0.00,0.95,16.75,0.00,286,10,8.00,-0.98,0.21,13.00,0
2025-10-14,12.50,11.64,94.50,0.00,0.86,16.25,0.00,287,10,10.25,-0.97,0.23,8.00,0
2025-10-15,13.00,12.85,99.00,0.00,0.15,14.00,0.00,288,10,7.50,-0.97,0.24,10.25,0
2025-10-16,13.25,12.10,92.75,0.00,1.15,16.00,0.00,289,10,10.00,-0.97,0.26,7.50,0
2025-10-17,11.75,10.73,93.50,0.00,1.02,15.00,0.00,290,10,8.00,-0.96,0.28,10.00,0
2025-10-18,8.25,6.74,90.25,0.00,1.51,13.50,0.00,291,10,6.00,-0.96,0.29,8.00,0
2025-10-19,9.75,8.51,92.00,0.00,1.24,14.00,0.10,292,10,9.50,-0.95,0.31,6.00,0
2025-10-20,14.25,13.34,94.25,2.00,0.91,17.00,0.00,293,10,13.00,-0.95,0.33,9.50,0
2025-10-21,12.00,11.77,98.50,1.00,0.23,16.00,0.15,294,10,11.00,-0.94,0.34,13.00,0
2025-10-22,10.50,9.41,93.00,0.00,1.09,15.25,0.00,295,10,8.00,-0.93,0.36,11.00,0
2025-10-23,10.75,10.56,98.75,6.50,0.19,12.50,2.15,296,10,9.00,-0.93,0.37,8.00,0
2025-10-24,9.00,7.97,93.25,4.00,1.03,12.00,0.00,297,10,8.00,-0.92,0.39,9.00,0
2025-10-25,8.25,7.38,94.25,2.50,0.87,11.50,1.60,298,10,5.00,-0.91,0.41,8.00,0
2025-10-26,8.00,6.42,89.75,3.00,1.58,9.50,0.70,299,10,7.00,-0.91,0.42,5.00,0
2025-10-27,8.00,7.55,97.00,2.50,0.45,9.00,0.35,300,10,6.00,-0.90,0.44,7.00,0
2025-10-28,11.00,9.67,91.50,4.00,1.33,13.75,0.00,301,10,9.00,-0.89,0.45,6.00,0
2025-10-29,11.00,10.27,95.25,0.00,0.73,13.00,0.80,302,10,7.00,-0.88,0.47,9.00,0
2025-10-30,7.25,6.99,98.25,0.50,0.26,13.00,0.00,303,10,7.00,-0.88,0.48,7.00,0
2025-10-31,10.75,9.94,94.75,1.50,0.81,12.75,0.00,304,10,10.00,-0.87,0.50,7.00,0
2025-11-01,10.75,10.60,99.00,2.75,0.15,13.00,0.25,305,11,9.00,-0.86,0.51,10.00,0
2025-11-02,10.00,9.51,96.75,4.75,0.49,14.00,0.15,306,11,6.00,-0.85,0.53,9.00,0
2025-11-03,11.00,10.23,95.00,4.00,0.77,13.00,0.00,307,11,11.00,-0.84,0.54,6.00,0
2025-11-04,13.00,10.58,85.25,2.25,2.42,16.25,0.00,308,11,9.00,-0.83,0.56,11.00,0
2025-11-05,9.25,8.25,93.50,0.00,1.00,17.00,0.00,309,11,5.00,-0.82,0.57,9.00,0
2025-11-06,8.00,7.36,95.75,0.00,0.64,14.75,0.00,310,11,4.50,-0.81,0.58,5.00,0
2025-11-07,8.50,7.82,95.50,0.00,0.68,16.00,0.00,311,11,3.00,-0.80,0.60,4.50,0
2025-11-08,11.00,10.77,98.50,0.00,0.23,14.00,0.00,312,11,10.00,-0.79,0.61,3.00,0
2025-11-09,5.50,4.91,96.00,0.00,0.59,14.50,0.00,313,11,4.00,-0.78,0.63,10.00,0
2025-11-10,10.00,8.84,92.50,2.00,1.16,10.75,0.20,314,11,8.00,-0.77,0.64,4.00,0
